This is pdfTeX, Version 3.141592653-2.6-1.40.26 (TeX Live 2024) (preloaded format=pdflatex 2024.6.11)  2 AUG 2024 16:42
entering extended mode
 restricted \write18 enabled.
 file:line:error style messages enabled.
 %&-line parsing enabled.
**/Users/singhs15/work/mskcc/knowledge-base/stat-mech/statmech-primer.tex
(/Users/singhs15/work/mskcc/knowledge-base/stat-mech/statmech-primer.tex
LaTeX2e <2023-11-01> patch level 1
L3 programming layer <2024-02-20>
(./lecture.cls
Document Class: lecture 
(/usr/local/texlive/2024/texmf-dist/tex/latex/base/ifthen.sty
Package: ifthen 2022/04/13 v1.1d Standard LaTeX ifthen package (DPC)
) (/usr/local/texlive/2024/texmf-dist/tex/latex/datetime/datetime.sty
Package: datetime 2015/03/20 v2.60 Date Time Package
 (/usr/local/texlive/2024/texmf-dist/tex/latex/etoolbox/etoolbox.sty
Package: etoolbox 2020/10/05 v2.5k e-TeX tools for LaTeX (JAW)
\etb@tempcnta=\count188
) (/usr/local/texlive/2024/texmf-dist/tex/latex/fmtcount/fmtcount.sty
Package: fmtcount 2020/01/30 v3.07
 (/usr/local/texlive/2024/texmf-dist/tex/latex/xkeyval/xkeyval.sty
Package: xkeyval 2022/06/16 v2.9 package option processing (HA)
 (/usr/local/texlive/2024/texmf-dist/tex/generic/xkeyval/xkeyval.tex (/usr/local/texlive/2024/texmf-dist/tex/generic/xkeyval/xkvutils.tex
\XKV@toks=\toks17
\XKV@tempa@toks=\toks18
 (/usr/local/texlive/2024/texmf-dist/tex/generic/xkeyval/keyval.tex))
\XKV@depth=\count189
File: xkeyval.tex 2014/12/03 v2.7a key=value parser (HA)
)) (/usr/local/texlive/2024/texmf-dist/tex/latex/fmtcount/fcprefix.sty
Package: fcprefix 2012/09/28
 (/usr/local/texlive/2024/texmf-dist/tex/latex/fmtcount/fcnumparser.sty
Package: fcnumparser 2017/06/15
\fc@digit@counter=\count190
)) (/usr/local/texlive/2024/texmf-dist/tex/latex/amsmath/amsgen.sty
File: amsgen.sty 1999/11/30 v2.0 generic functions
\@emptytoks=\toks19
\ex@=\dimen140
)
\c@padzeroesN=\count191
\fc@tmpcatcode=\count192
 (/usr/local/texlive/2024/texmf-dist/tex/latex/fmtcount/fc-english.def
File: fc-english.def 2016/01/12
)
\@DT@modctr=\count193
\@ordinalctr=\count194
\@orgargctr=\count195
\@strctr=\count196
\@tmpstrctr=\count197
\@DT@loopN=\count198
\@DT@X=\count199
) (/usr/local/texlive/2024/texmf-dist/tex/latex/datetime/datetime-defaults.sty
Package: datetime-defaults 2013/09/10
)
\@day=\count266
\@month=\count267
\@year=\count268
\c@HOUR=\count269
\c@HOURXII=\count270
\c@MINUTE=\count271
\c@TOHOUR=\count272
\c@TOMINUTE=\count273
\c@SECOND=\count274
\currenthour=\count275
\currentminute=\count276
\currentsecond=\count277
Package datetime Info: No datetime.cfg file found, using default settings on input line 308.
\@dtctr=\count278
\dayofyear=\count279
\dayofweek=\count280
\dt@a=\toks20
\dt@b=\toks21
)
./lecture.cls:147: Undefined control sequence.
\ds@english ...notes@lang }{english} \dateenglish 
                                                  \newcommand {\notes@lectur...
l.147 
      
The control sequence at the end of the top line
of your error message was never \def'ed. If you have
misspelled it (e.g., `\hobx'), type `I' and the correct
spelling (e.g., `I\hbox'). Otherwise just continue,
and I'll forget about whatever was undefined.

(/usr/local/texlive/2024/texmf-dist/tex/latex/base/article.cls
Document Class: article 2023/05/17 v1.4n Standard LaTeX document class
(/usr/local/texlive/2024/texmf-dist/tex/latex/base/size11.clo
File: size11.clo 2023/05/17 v1.4n Standard LaTeX file (size option)
)
\c@part=\count281
\c@section=\count282
\c@subsection=\count283
\c@subsubsection=\count284
\c@paragraph=\count285
\c@subparagraph=\count286
\c@figure=\count287
\c@table=\count288
\abovecaptionskip=\skip48
\belowcaptionskip=\skip49
\bibindent=\dimen141
) (/usr/local/texlive/2024/texmf-dist/tex/generic/babel/babel.sty
Package: babel 2024/02/07 v24.2 The Babel package
\babel@savecnt=\count289
\U@D=\dimen142
\l@unhyphenated=\language89
 (/usr/local/texlive/2024/texmf-dist/tex/generic/babel/txtbabel.def)
\bbl@readstream=\read2
\bbl@dirlevel=\count290
 (/usr/local/texlive/2024/texmf-dist/tex/generic/babel-english/english.ldf
Language: english 2017/06/06 v3.3r English support from the babel system
Package babel Info: Hyphen rules for 'canadian' set to \l@english
(babel)             (\language0). Reported on input line 102.
Package babel Info: Hyphen rules for 'australian' set to \l@ukenglish
(babel)             (\language23). Reported on input line 105.
Package babel Info: Hyphen rules for 'newzealand' set to \l@ukenglish
(babel)             (\language23). Reported on input line 108.
)) (/usr/local/texlive/2024/texmf-dist/tex/generic/babel/locale/en/babel-english.tex
Package babel Info: Importing font and identification data for english
(babel)             from babel-en.ini. Reported on input line 11.
) (/usr/local/texlive/2024/texmf-dist/tex/latex/hyperref/hyperref.sty
Package: hyperref 2024-01-20 v7.01h Hypertext links for LaTeX
 (/usr/local/texlive/2024/texmf-dist/tex/generic/iftex/iftex.sty
Package: iftex 2022/02/03 v1.0f TeX engine tests
) (/usr/local/texlive/2024/texmf-dist/tex/latex/kvsetkeys/kvsetkeys.sty
Package: kvsetkeys 2022-10-05 v1.19 Key value parser (HO)
) (/usr/local/texlive/2024/texmf-dist/tex/generic/kvdefinekeys/kvdefinekeys.sty
Package: kvdefinekeys 2019-12-19 v1.6 Define keys (HO)
) (/usr/local/texlive/2024/texmf-dist/tex/generic/pdfescape/pdfescape.sty
Package: pdfescape 2019/12/09 v1.15 Implements pdfTeX's escape features (HO)
 (/usr/local/texlive/2024/texmf-dist/tex/generic/ltxcmds/ltxcmds.sty
Package: ltxcmds 2023-12-04 v1.26 LaTeX kernel commands for general use (HO)
) (/usr/local/texlive/2024/texmf-dist/tex/generic/pdftexcmds/pdftexcmds.sty
Package: pdftexcmds 2020-06-27 v0.33 Utility functions of pdfTeX for LuaTeX (HO)
 (/usr/local/texlive/2024/texmf-dist/tex/generic/infwarerr/infwarerr.sty
Package: infwarerr 2019/12/03 v1.5 Providing info/warning/error messages (HO)
)
Package pdftexcmds Info: \pdf@primitive is available.
Package pdftexcmds Info: \pdf@ifprimitive is available.
Package pdftexcmds Info: \pdfdraftmode found.
)) (/usr/local/texlive/2024/texmf-dist/tex/latex/hycolor/hycolor.sty
Package: hycolor 2020-01-27 v1.10 Color options for hyperref/bookmark (HO)
) (/usr/local/texlive/2024/texmf-dist/tex/latex/auxhook/auxhook.sty
Package: auxhook 2019-12-17 v1.6 Hooks for auxiliary files (HO)
) (/usr/local/texlive/2024/texmf-dist/tex/latex/hyperref/nameref.sty
Package: nameref 2023-11-26 v2.56 Cross-referencing by name of section
 (/usr/local/texlive/2024/texmf-dist/tex/latex/refcount/refcount.sty
Package: refcount 2019/12/15 v3.6 Data extraction from label references (HO)
) (/usr/local/texlive/2024/texmf-dist/tex/generic/gettitlestring/gettitlestring.sty
Package: gettitlestring 2019/12/15 v1.6 Cleanup title references (HO)
 (/usr/local/texlive/2024/texmf-dist/tex/latex/kvoptions/kvoptions.sty
Package: kvoptions 2022-06-15 v3.15 Key value format for package options (HO)
))
\c@section@level=\count291
)
\@linkdim=\dimen143
\Hy@linkcounter=\count292
\Hy@pagecounter=\count293
 (/usr/local/texlive/2024/texmf-dist/tex/latex/hyperref/pd1enc.def
File: pd1enc.def 2024-01-20 v7.01h Hyperref: PDFDocEncoding definition (HO)
Now handling font encoding PD1 ...
... no UTF-8 mapping file for font encoding PD1
) (/usr/local/texlive/2024/texmf-dist/tex/generic/intcalc/intcalc.sty
Package: intcalc 2019/12/15 v1.3 Expandable calculations with integers (HO)
)
\Hy@SavedSpaceFactor=\count294
 (/usr/local/texlive/2024/texmf-dist/tex/latex/hyperref/puenc.def
File: puenc.def 2024-01-20 v7.01h Hyperref: PDF Unicode definition (HO)
Now handling font encoding PU ...
... no UTF-8 mapping file for font encoding PU
)
Package hyperref Info: Option `colorlinks' set `true' on input line 4062.
Package hyperref Info: Hyper figures OFF on input line 4179.
Package hyperref Info: Link nesting OFF on input line 4184.
Package hyperref Info: Hyper index ON on input line 4187.
Package hyperref Info: Plain pages OFF on input line 4194.
Package hyperref Info: Backreferencing OFF on input line 4199.
Package hyperref Info: Implicit mode ON; LaTeX internals redefined.
Package hyperref Info: Bookmarks ON on input line 4446.
\c@Hy@tempcnt=\count295
 (/usr/local/texlive/2024/texmf-dist/tex/latex/url/url.sty
\Urlmuskip=\muskip16
Package: url 2013/09/16  ver 3.4  Verb mode for urls, etc.
)
LaTeX Info: Redefining \url on input line 4784.
\XeTeXLinkMargin=\dimen144
 (/usr/local/texlive/2024/texmf-dist/tex/generic/bitset/bitset.sty
Package: bitset 2019/12/09 v1.3 Handle bit-vector datatype (HO)
 (/usr/local/texlive/2024/texmf-dist/tex/generic/bigintcalc/bigintcalc.sty
Package: bigintcalc 2019/12/15 v1.5 Expandable calculations on big integers (HO)
))
\Fld@menulength=\count296
\Field@Width=\dimen145
\Fld@charsize=\dimen146
Package hyperref Info: Hyper figures OFF on input line 6063.
Package hyperref Info: Link nesting OFF on input line 6068.
Package hyperref Info: Hyper index ON on input line 6071.
Package hyperref Info: backreferencing OFF on input line 6078.
Package hyperref Info: Link coloring ON on input line 6081.
Package hyperref Info: Link coloring with OCG OFF on input line 6088.
Package hyperref Info: PDF/A mode OFF on input line 6093.
 (/usr/local/texlive/2024/texmf-dist/tex/latex/base/atbegshi-ltx.sty
Package: atbegshi-ltx 2021/01/10 v1.0c Emulation of the original atbegshi
package with kernel methods
)
\Hy@abspage=\count297
\c@Item=\count298
\c@Hfootnote=\count299
)
Package hyperref Info: Driver: hpdftex.
 (/usr/local/texlive/2024/texmf-dist/tex/latex/hyperref/hpdftex.def
File: hpdftex.def 2024-01-20 v7.01h Hyperref driver for pdfTeX
 (/usr/local/texlive/2024/texmf-dist/tex/latex/base/atveryend-ltx.sty
Package: atveryend-ltx 2020/08/19 v1.0a Emulation of the original atveryend package
with kernel methods
)
\Fld@listcount=\count300
\c@bookmark@seq@number=\count301
 (/usr/local/texlive/2024/texmf-dist/tex/latex/rerunfilecheck/rerunfilecheck.sty
Package: rerunfilecheck 2022-07-10 v1.10 Rerun checks for auxiliary files (HO)
 (/usr/local/texlive/2024/texmf-dist/tex/generic/uniquecounter/uniquecounter.sty
Package: uniquecounter 2019/12/15 v1.4 Provide unlimited unique counter (HO)
)
Package uniquecounter Info: New unique counter `rerunfilecheck' on input line 285.
)
\Hy@SectionHShift=\skip50
) (/usr/local/texlive/2024/texmf-dist/tex/latex/fancyhdr/fancyhdr.sty
Package: fancyhdr 2022/11/09 v4.1 Extensive control of page headers and footers
\f@nch@headwidth=\skip51
\f@nch@O@elh=\skip52
\f@nch@O@erh=\skip53
\f@nch@O@olh=\skip54
\f@nch@O@orh=\skip55
\f@nch@O@elf=\skip56
\f@nch@O@erf=\skip57
\f@nch@O@olf=\skip58
\f@nch@O@orf=\skip59
) (/usr/local/texlive/2024/texmf-dist/tex/latex/pgf/frontendlayer/tikz.sty (/usr/local/texlive/2024/texmf-dist/tex/latex/pgf/basiclayer/pgf.sty (/usr/local/texlive/2024/texmf-dist/tex/latex/pgf/utilities/pgfrcs.sty (/usr/local/texlive/2024/texmf-dist/tex/generic/pgf/utilities/pgfutil-common.tex
\pgfutil@everybye=\toks22
\pgfutil@tempdima=\dimen147
\pgfutil@tempdimb=\dimen148
) (/usr/local/texlive/2024/texmf-dist/tex/generic/pgf/utilities/pgfutil-latex.def
\pgfutil@abb=\box51
) (/usr/local/texlive/2024/texmf-dist/tex/generic/pgf/utilities/pgfrcs.code.tex (/usr/local/texlive/2024/texmf-dist/tex/generic/pgf/pgf.revision.tex)
Package: pgfrcs 2023-01-15 v3.1.10 (3.1.10)
))
Package: pgf 2023-01-15 v3.1.10 (3.1.10)
 (/usr/local/texlive/2024/texmf-dist/tex/latex/pgf/basiclayer/pgfcore.sty (/usr/local/texlive/2024/texmf-dist/tex/latex/graphics/graphicx.sty
Package: graphicx 2021/09/16 v1.2d Enhanced LaTeX Graphics (DPC,SPQR)
 (/usr/local/texlive/2024/texmf-dist/tex/latex/graphics/graphics.sty
Package: graphics 2022/03/10 v1.4e Standard LaTeX Graphics (DPC,SPQR)
 (/usr/local/texlive/2024/texmf-dist/tex/latex/graphics/trig.sty
Package: trig 2021/08/11 v1.11 sin cos tan (DPC)
) (/usr/local/texlive/2024/texmf-dist/tex/latex/graphics-cfg/graphics.cfg
File: graphics.cfg 2016/06/04 v1.11 sample graphics configuration
)
Package graphics Info: Driver file: pdftex.def on input line 107.
 (/usr/local/texlive/2024/texmf-dist/tex/latex/graphics-def/pdftex.def
File: pdftex.def 2022/09/22 v1.2b Graphics/color driver for pdftex
))
\Gin@req@height=\dimen149
\Gin@req@width=\dimen150
) (/usr/local/texlive/2024/texmf-dist/tex/latex/pgf/systemlayer/pgfsys.sty (/usr/local/texlive/2024/texmf-dist/tex/generic/pgf/systemlayer/pgfsys.code.tex
Package: pgfsys 2023-01-15 v3.1.10 (3.1.10)
 (/usr/local/texlive/2024/texmf-dist/tex/generic/pgf/utilities/pgfkeys.code.tex
\pgfkeys@pathtoks=\toks23
\pgfkeys@temptoks=\toks24
 (/usr/local/texlive/2024/texmf-dist/tex/generic/pgf/utilities/pgfkeyslibraryfiltered.code.tex
\pgfkeys@tmptoks=\toks25
))
\pgf@x=\dimen151
\pgf@y=\dimen152
\pgf@xa=\dimen153
\pgf@ya=\dimen154
\pgf@xb=\dimen155
\pgf@yb=\dimen156
\pgf@xc=\dimen157
\pgf@yc=\dimen158
\pgf@xd=\dimen159
\pgf@yd=\dimen160
\w@pgf@writea=\write3
\r@pgf@reada=\read3
\c@pgf@counta=\count302
\c@pgf@countb=\count303
\c@pgf@countc=\count304
\c@pgf@countd=\count305
\t@pgf@toka=\toks26
\t@pgf@tokb=\toks27
\t@pgf@tokc=\toks28
\pgf@sys@id@count=\count306
 (/usr/local/texlive/2024/texmf-dist/tex/generic/pgf/systemlayer/pgf.cfg
File: pgf.cfg 2023-01-15 v3.1.10 (3.1.10)
)
Driver file for pgf: pgfsys-pdftex.def
 (/usr/local/texlive/2024/texmf-dist/tex/generic/pgf/systemlayer/pgfsys-pdftex.def
File: pgfsys-pdftex.def 2023-01-15 v3.1.10 (3.1.10)
 (/usr/local/texlive/2024/texmf-dist/tex/generic/pgf/systemlayer/pgfsys-common-pdf.def
File: pgfsys-common-pdf.def 2023-01-15 v3.1.10 (3.1.10)
))) (/usr/local/texlive/2024/texmf-dist/tex/generic/pgf/systemlayer/pgfsyssoftpath.code.tex
File: pgfsyssoftpath.code.tex 2023-01-15 v3.1.10 (3.1.10)
\pgfsyssoftpath@smallbuffer@items=\count307
\pgfsyssoftpath@bigbuffer@items=\count308
) (/usr/local/texlive/2024/texmf-dist/tex/generic/pgf/systemlayer/pgfsysprotocol.code.tex
File: pgfsysprotocol.code.tex 2023-01-15 v3.1.10 (3.1.10)
)) (/usr/local/texlive/2024/texmf-dist/tex/latex/xcolor/xcolor.sty
Package: xcolor 2023/11/15 v3.01 LaTeX color extensions (UK)
 (/usr/local/texlive/2024/texmf-dist/tex/latex/graphics-cfg/color.cfg
File: color.cfg 2016/01/02 v1.6 sample color configuration
)
Package xcolor Info: Driver file: pdftex.def on input line 274.
 (/usr/local/texlive/2024/texmf-dist/tex/latex/graphics/mathcolor.ltx)
Package xcolor Info: Model `cmy' substituted by `cmy0' on input line 1350.
Package xcolor Info: Model `hsb' substituted by `rgb' on input line 1354.
Package xcolor Info: Model `RGB' extended on input line 1366.
Package xcolor Info: Model `HTML' substituted by `rgb' on input line 1368.
Package xcolor Info: Model `Hsb' substituted by `hsb' on input line 1369.
Package xcolor Info: Model `tHsb' substituted by `hsb' on input line 1370.
Package xcolor Info: Model `HSB' substituted by `hsb' on input line 1371.
Package xcolor Info: Model `Gray' substituted by `gray' on input line 1372.
Package xcolor Info: Model `wave' substituted by `hsb' on input line 1373.
) (/usr/local/texlive/2024/texmf-dist/tex/generic/pgf/basiclayer/pgfcore.code.tex
Package: pgfcore 2023-01-15 v3.1.10 (3.1.10)
 (/usr/local/texlive/2024/texmf-dist/tex/generic/pgf/math/pgfmath.code.tex (/usr/local/texlive/2024/texmf-dist/tex/generic/pgf/math/pgfmathutil.code.tex) (/usr/local/texlive/2024/texmf-dist/tex/generic/pgf/math/pgfmathparser.code.tex
\pgfmath@dimen=\dimen161
\pgfmath@count=\count309
\pgfmath@box=\box52
\pgfmath@toks=\toks29
\pgfmath@stack@operand=\toks30
\pgfmath@stack@operation=\toks31
) (/usr/local/texlive/2024/texmf-dist/tex/generic/pgf/math/pgfmathfunctions.code.tex) (/usr/local/texlive/2024/texmf-dist/tex/generic/pgf/math/pgfmathfunctions.basic.code.tex) (/usr/local/texlive/2024/texmf-dist/tex/generic/pgf/math/pgfmathfunctions.trigonometric.code.tex) (/usr/local/texlive/2024/texmf-dist/tex/generic/pgf/math/pgfmathfunctions.random.code.tex) (/usr/local/texlive/2024/texmf-dist/tex/generic/pgf/math/pgfmathfunctions.comparison.code.tex) (/usr/local/texlive/2024/texmf-dist/tex/generic/pgf/math/pgfmathfunctions.base.code.tex) (/usr/local/texlive/2024/texmf-dist/tex/generic/pgf/math/pgfmathfunctions.round.code.tex) (/usr/local/texlive/2024/texmf-dist/tex/generic/pgf/math/pgfmathfunctions.misc.code.tex) (/usr/local/texlive/2024/texmf-dist/tex/generic/pgf/math/pgfmathfunctions.integerarithmetics.code.tex) (/usr/local/texlive/2024/texmf-dist/tex/generic/pgf/math/pgfmathcalc.code.tex) (/usr/local/texlive/2024/texmf-dist/tex/generic/pgf/math/pgfmathfloat.code.tex
\c@pgfmathroundto@lastzeros=\count310
)) (/usr/local/texlive/2024/texmf-dist/tex/generic/pgf/math/pgfint.code.tex) (/usr/local/texlive/2024/texmf-dist/tex/generic/pgf/basiclayer/pgfcorepoints.code.tex
File: pgfcorepoints.code.tex 2023-01-15 v3.1.10 (3.1.10)
\pgf@picminx=\dimen162
\pgf@picmaxx=\dimen163
\pgf@picminy=\dimen164
\pgf@picmaxy=\dimen165
\pgf@pathminx=\dimen166
\pgf@pathmaxx=\dimen167
\pgf@pathminy=\dimen168
\pgf@pathmaxy=\dimen169
\pgf@xx=\dimen170
\pgf@xy=\dimen171
\pgf@yx=\dimen172
\pgf@yy=\dimen173
\pgf@zx=\dimen174
\pgf@zy=\dimen175
) (/usr/local/texlive/2024/texmf-dist/tex/generic/pgf/basiclayer/pgfcorepathconstruct.code.tex
File: pgfcorepathconstruct.code.tex 2023-01-15 v3.1.10 (3.1.10)
\pgf@path@lastx=\dimen176
\pgf@path@lasty=\dimen177
) (/usr/local/texlive/2024/texmf-dist/tex/generic/pgf/basiclayer/pgfcorepathusage.code.tex
File: pgfcorepathusage.code.tex 2023-01-15 v3.1.10 (3.1.10)
\pgf@shorten@end@additional=\dimen178
\pgf@shorten@start@additional=\dimen179
) (/usr/local/texlive/2024/texmf-dist/tex/generic/pgf/basiclayer/pgfcorescopes.code.tex
File: pgfcorescopes.code.tex 2023-01-15 v3.1.10 (3.1.10)
\pgfpic=\box53
\pgf@hbox=\box54
\pgf@layerbox@main=\box55
\pgf@picture@serial@count=\count311
) (/usr/local/texlive/2024/texmf-dist/tex/generic/pgf/basiclayer/pgfcoregraphicstate.code.tex
File: pgfcoregraphicstate.code.tex 2023-01-15 v3.1.10 (3.1.10)
\pgflinewidth=\dimen180
) (/usr/local/texlive/2024/texmf-dist/tex/generic/pgf/basiclayer/pgfcoretransformations.code.tex
File: pgfcoretransformations.code.tex 2023-01-15 v3.1.10 (3.1.10)
\pgf@pt@x=\dimen181
\pgf@pt@y=\dimen182
\pgf@pt@temp=\dimen183
) (/usr/local/texlive/2024/texmf-dist/tex/generic/pgf/basiclayer/pgfcorequick.code.tex
File: pgfcorequick.code.tex 2023-01-15 v3.1.10 (3.1.10)
) (/usr/local/texlive/2024/texmf-dist/tex/generic/pgf/basiclayer/pgfcoreobjects.code.tex
File: pgfcoreobjects.code.tex 2023-01-15 v3.1.10 (3.1.10)
) (/usr/local/texlive/2024/texmf-dist/tex/generic/pgf/basiclayer/pgfcorepathprocessing.code.tex
File: pgfcorepathprocessing.code.tex 2023-01-15 v3.1.10 (3.1.10)
) (/usr/local/texlive/2024/texmf-dist/tex/generic/pgf/basiclayer/pgfcorearrows.code.tex
File: pgfcorearrows.code.tex 2023-01-15 v3.1.10 (3.1.10)
\pgfarrowsep=\dimen184
) (/usr/local/texlive/2024/texmf-dist/tex/generic/pgf/basiclayer/pgfcoreshade.code.tex
File: pgfcoreshade.code.tex 2023-01-15 v3.1.10 (3.1.10)
\pgf@max=\dimen185
\pgf@sys@shading@range@num=\count312
\pgf@shadingcount=\count313
) (/usr/local/texlive/2024/texmf-dist/tex/generic/pgf/basiclayer/pgfcoreimage.code.tex
File: pgfcoreimage.code.tex 2023-01-15 v3.1.10 (3.1.10)
) (/usr/local/texlive/2024/texmf-dist/tex/generic/pgf/basiclayer/pgfcoreexternal.code.tex
File: pgfcoreexternal.code.tex 2023-01-15 v3.1.10 (3.1.10)
\pgfexternal@startupbox=\box56
) (/usr/local/texlive/2024/texmf-dist/tex/generic/pgf/basiclayer/pgfcorelayers.code.tex
File: pgfcorelayers.code.tex 2023-01-15 v3.1.10 (3.1.10)
) (/usr/local/texlive/2024/texmf-dist/tex/generic/pgf/basiclayer/pgfcoretransparency.code.tex
File: pgfcoretransparency.code.tex 2023-01-15 v3.1.10 (3.1.10)
) (/usr/local/texlive/2024/texmf-dist/tex/generic/pgf/basiclayer/pgfcorepatterns.code.tex
File: pgfcorepatterns.code.tex 2023-01-15 v3.1.10 (3.1.10)
) (/usr/local/texlive/2024/texmf-dist/tex/generic/pgf/basiclayer/pgfcorerdf.code.tex
File: pgfcorerdf.code.tex 2023-01-15 v3.1.10 (3.1.10)
))) (/usr/local/texlive/2024/texmf-dist/tex/generic/pgf/modules/pgfmoduleshapes.code.tex
File: pgfmoduleshapes.code.tex 2023-01-15 v3.1.10 (3.1.10)
\pgfnodeparttextbox=\box57
) (/usr/local/texlive/2024/texmf-dist/tex/generic/pgf/modules/pgfmoduleplot.code.tex
File: pgfmoduleplot.code.tex 2023-01-15 v3.1.10 (3.1.10)
) (/usr/local/texlive/2024/texmf-dist/tex/latex/pgf/compatibility/pgfcomp-version-0-65.sty
Package: pgfcomp-version-0-65 2023-01-15 v3.1.10 (3.1.10)
\pgf@nodesepstart=\dimen186
\pgf@nodesepend=\dimen187
) (/usr/local/texlive/2024/texmf-dist/tex/latex/pgf/compatibility/pgfcomp-version-1-18.sty
Package: pgfcomp-version-1-18 2023-01-15 v3.1.10 (3.1.10)
)) (/usr/local/texlive/2024/texmf-dist/tex/latex/pgf/utilities/pgffor.sty (/usr/local/texlive/2024/texmf-dist/tex/latex/pgf/utilities/pgfkeys.sty (/usr/local/texlive/2024/texmf-dist/tex/generic/pgf/utilities/pgfkeys.code.tex)) (/usr/local/texlive/2024/texmf-dist/tex/latex/pgf/math/pgfmath.sty (/usr/local/texlive/2024/texmf-dist/tex/generic/pgf/math/pgfmath.code.tex)) (/usr/local/texlive/2024/texmf-dist/tex/generic/pgf/utilities/pgffor.code.tex
Package: pgffor 2023-01-15 v3.1.10 (3.1.10)
\pgffor@iter=\dimen188
\pgffor@skip=\dimen189
\pgffor@stack=\toks32
\pgffor@toks=\toks33
)) (/usr/local/texlive/2024/texmf-dist/tex/generic/pgf/frontendlayer/tikz/tikz.code.tex
Package: tikz 2023-01-15 v3.1.10 (3.1.10)
 (/usr/local/texlive/2024/texmf-dist/tex/generic/pgf/libraries/pgflibraryplothandlers.code.tex
File: pgflibraryplothandlers.code.tex 2023-01-15 v3.1.10 (3.1.10)
\pgf@plot@mark@count=\count314
\pgfplotmarksize=\dimen190
)
\tikz@lastx=\dimen191
\tikz@lasty=\dimen192
\tikz@lastxsaved=\dimen193
\tikz@lastysaved=\dimen194
\tikz@lastmovetox=\dimen195
\tikz@lastmovetoy=\dimen196
\tikzleveldistance=\dimen197
\tikzsiblingdistance=\dimen198
\tikz@figbox=\box58
\tikz@figbox@bg=\box59
\tikz@tempbox=\box60
\tikz@tempbox@bg=\box61
\tikztreelevel=\count315
\tikznumberofchildren=\count316
\tikznumberofcurrentchild=\count317
\tikz@fig@count=\count318
 (/usr/local/texlive/2024/texmf-dist/tex/generic/pgf/modules/pgfmodulematrix.code.tex
File: pgfmodulematrix.code.tex 2023-01-15 v3.1.10 (3.1.10)
\pgfmatrixcurrentrow=\count319
\pgfmatrixcurrentcolumn=\count320
\pgf@matrix@numberofcolumns=\count321
)
\tikz@expandcount=\count322
 (/usr/local/texlive/2024/texmf-dist/tex/generic/pgf/frontendlayer/tikz/libraries/tikzlibrarytopaths.code.tex
File: tikzlibrarytopaths.code.tex 2023-01-15 v3.1.10 (3.1.10)
))) (/usr/local/texlive/2024/texmf-dist/tex/generic/pgf/frontendlayer/tikz/libraries/tikzlibraryarrows.code.tex
File: tikzlibraryarrows.code.tex 2023-01-15 v3.1.10 (3.1.10)
 (/usr/local/texlive/2024/texmf-dist/tex/generic/pgf/libraries/pgflibraryarrows.code.tex
File: pgflibraryarrows.code.tex 2023-01-15 v3.1.10 (3.1.10)
\arrowsize=\dimen199
)) (/usr/local/texlive/2024/texmf-dist/tex/generic/pgf/frontendlayer/tikz/libraries/tikzlibrarypatterns.code.tex
File: tikzlibrarypatterns.code.tex 2023-01-15 v3.1.10 (3.1.10)
 (/usr/local/texlive/2024/texmf-dist/tex/generic/pgf/libraries/pgflibrarypatterns.code.tex
File: pgflibrarypatterns.code.tex 2023-01-15 v3.1.10 (3.1.10)
)) (/usr/local/texlive/2024/texmf-dist/tex/generic/pgf/frontendlayer/tikz/libraries/tikzlibraryshapes.code.tex
File: tikzlibraryshapes.code.tex 2023-01-15 v3.1.10 (3.1.10)
 (/usr/local/texlive/2024/texmf-dist/tex/generic/pgf/frontendlayer/tikz/libraries/tikzlibraryshapes.geometric.code.tex
File: tikzlibraryshapes.geometric.code.tex 2023-01-15 v3.1.10 (3.1.10)
 (/usr/local/texlive/2024/texmf-dist/tex/generic/pgf/libraries/shapes/pgflibraryshapes.geometric.code.tex
File: pgflibraryshapes.geometric.code.tex 2023-01-15 v3.1.10 (3.1.10)
)) (/usr/local/texlive/2024/texmf-dist/tex/generic/pgf/frontendlayer/tikz/libraries/tikzlibraryshapes.misc.code.tex
File: tikzlibraryshapes.misc.code.tex 2023-01-15 v3.1.10 (3.1.10)
 (/usr/local/texlive/2024/texmf-dist/tex/generic/pgf/libraries/shapes/pgflibraryshapes.misc.code.tex
File: pgflibraryshapes.misc.code.tex 2023-01-15 v3.1.10 (3.1.10)
)) (/usr/local/texlive/2024/texmf-dist/tex/generic/pgf/frontendlayer/tikz/libraries/tikzlibraryshapes.symbols.code.tex
File: tikzlibraryshapes.symbols.code.tex 2023-01-15 v3.1.10 (3.1.10)
 (/usr/local/texlive/2024/texmf-dist/tex/generic/pgf/libraries/shapes/pgflibraryshapes.symbols.code.tex
File: pgflibraryshapes.symbols.code.tex 2023-01-15 v3.1.10 (3.1.10)
)) (/usr/local/texlive/2024/texmf-dist/tex/generic/pgf/frontendlayer/tikz/libraries/tikzlibraryshapes.arrows.code.tex
File: tikzlibraryshapes.arrows.code.tex 2023-01-15 v3.1.10 (3.1.10)
 (/usr/local/texlive/2024/texmf-dist/tex/generic/pgf/libraries/shapes/pgflibraryshapes.arrows.code.tex
File: pgflibraryshapes.arrows.code.tex 2023-01-15 v3.1.10 (3.1.10)
)) (/usr/local/texlive/2024/texmf-dist/tex/generic/pgf/frontendlayer/tikz/libraries/tikzlibraryshapes.callouts.code.tex (/usr/local/texlive/2024/texmf-dist/tex/generic/pgf/libraries/shapes/pgflibraryshapes.callouts.code.tex)) (/usr/local/texlive/2024/texmf-dist/tex/generic/pgf/frontendlayer/tikz/libraries/tikzlibraryshapes.multipart.code.tex
File: tikzlibraryshapes.multipart.code.tex 2023-01-15 v3.1.10 (3.1.10)

(/usr/local/texlive/2024/texmf-dist/tex/generic/pgf/libraries/shapes/pgflibraryshapes.multipart.code.tex
File: pgflibraryshapes.multipart.code.tex 2023-01-15 v3.1.10 (3.1.10)
\pgfnodepartlowerbox=\box62
\pgfnodeparttwobox=\box63
\pgfnodepartthreebox=\box64
\pgfnodepartfourbox=\box65
\pgfnodeparttwentybox=\box66
\pgfnodepartnineteenbox=\box67
\pgfnodeparteighteenbox=\box68
\pgfnodepartseventeenbox=\box69
\pgfnodepartsixteenbox=\box70
\pgfnodepartfifteenbox=\box71
\pgfnodepartfourteenbox=\box72
\pgfnodepartthirteenbox=\box73
\pgfnodeparttwelvebox=\box74
\pgfnodepartelevenbox=\box75
\pgfnodeparttenbox=\box76
\pgfnodepartninebox=\box77
\pgfnodeparteightbox=\box78
\pgfnodepartsevenbox=\box79
\pgfnodepartsixbox=\box80
\pgfnodepartfivebox=\box81
))) (/usr/local/texlive/2024/texmf-dist/tex/latex/base/inputenc.sty
Package: inputenc 2021/02/14 v1.3d Input encoding file
\inpenc@prehook=\toks34
\inpenc@posthook=\toks35
 (/usr/local/texlive/2024/texmf-dist/tex/latex/ucs/utf8x.def
File: utf8x.def 2023/11/09 UCS: Input encoding UTF-8


Package ucs Info: utf8x disabled, assuming standard utf8 processing
(ucs)             load ucs package to force utf8x processing.

(/usr/local/texlive/2024/texmf-dist/tex/latex/base/utf8.def
File: utf8.def 2022/06/07 v1.3c UTF-8 support
Now handling font encoding OML ...
... no UTF-8 mapping file for font encoding OML
Now handling font encoding OMS ...
... processing UTF-8 mapping file for font encoding OMS
 (/usr/local/texlive/2024/texmf-dist/tex/latex/base/omsenc.dfu
File: omsenc.dfu 2022/06/07 v1.3c UTF-8 support
   defining Unicode char U+00A7 (decimal 167)
   defining Unicode char U+00B6 (decimal 182)
   defining Unicode char U+00B7 (decimal 183)
   defining Unicode char U+2020 (decimal 8224)
   defining Unicode char U+2021 (decimal 8225)
   defining Unicode char U+2022 (decimal 8226)
)
Now handling font encoding OT1 ...
... processing UTF-8 mapping file for font encoding OT1
 (/usr/local/texlive/2024/texmf-dist/tex/latex/base/ot1enc.dfu
File: ot1enc.dfu 2022/06/07 v1.3c UTF-8 support
   defining Unicode char U+00A0 (decimal 160)
   defining Unicode char U+00A1 (decimal 161)
   defining Unicode char U+00A3 (decimal 163)
   defining Unicode char U+00AD (decimal 173)
   defining Unicode char U+00B8 (decimal 184)
   defining Unicode char U+00BF (decimal 191)
   defining Unicode char U+00C5 (decimal 197)
   defining Unicode char U+00C6 (decimal 198)
   defining Unicode char U+00D8 (decimal 216)
   defining Unicode char U+00DF (decimal 223)
   defining Unicode char U+00E6 (decimal 230)
   defining Unicode char U+00EC (decimal 236)
   defining Unicode char U+00ED (decimal 237)
   defining Unicode char U+00EE (decimal 238)
   defining Unicode char U+00EF (decimal 239)
   defining Unicode char U+00F8 (decimal 248)
   defining Unicode char U+0131 (decimal 305)
   defining Unicode char U+0141 (decimal 321)
   defining Unicode char U+0142 (decimal 322)
   defining Unicode char U+0152 (decimal 338)
   defining Unicode char U+0153 (decimal 339)
   defining Unicode char U+0174 (decimal 372)
   defining Unicode char U+0175 (decimal 373)
   defining Unicode char U+0176 (decimal 374)
   defining Unicode char U+0177 (decimal 375)
   defining Unicode char U+0218 (decimal 536)
   defining Unicode char U+0219 (decimal 537)
   defining Unicode char U+021A (decimal 538)
   defining Unicode char U+021B (decimal 539)
   defining Unicode char U+0237 (decimal 567)
   defining Unicode char U+2013 (decimal 8211)
   defining Unicode char U+2014 (decimal 8212)
   defining Unicode char U+2018 (decimal 8216)
   defining Unicode char U+2019 (decimal 8217)
   defining Unicode char U+201C (decimal 8220)
   defining Unicode char U+201D (decimal 8221)
   defining Unicode char U+FB00 (decimal 64256)
   defining Unicode char U+FB01 (decimal 64257)
   defining Unicode char U+FB02 (decimal 64258)
   defining Unicode char U+FB03 (decimal 64259)
   defining Unicode char U+FB04 (decimal 64260)
   defining Unicode char U+FB05 (decimal 64261)
   defining Unicode char U+FB06 (decimal 64262)
)
Now handling font encoding T1 ...
... processing UTF-8 mapping file for font encoding T1
 (/usr/local/texlive/2024/texmf-dist/tex/latex/base/t1enc.dfu
File: t1enc.dfu 2022/06/07 v1.3c UTF-8 support
   defining Unicode char U+00A0 (decimal 160)
   defining Unicode char U+00A1 (decimal 161)
   defining Unicode char U+00A3 (decimal 163)
   defining Unicode char U+00AB (decimal 171)
   defining Unicode char U+00AD (decimal 173)
   defining Unicode char U+00BB (decimal 187)
   defining Unicode char U+00BF (decimal 191)
   defining Unicode char U+00C0 (decimal 192)
   defining Unicode char U+00C1 (decimal 193)
   defining Unicode char U+00C2 (decimal 194)
   defining Unicode char U+00C3 (decimal 195)
   defining Unicode char U+00C4 (decimal 196)
   defining Unicode char U+00C5 (decimal 197)
   defining Unicode char U+00C6 (decimal 198)
   defining Unicode char U+00C7 (decimal 199)
   defining Unicode char U+00C8 (decimal 200)
   defining Unicode char U+00C9 (decimal 201)
   defining Unicode char U+00CA (decimal 202)
   defining Unicode char U+00CB (decimal 203)
   defining Unicode char U+00CC (decimal 204)
   defining Unicode char U+00CD (decimal 205)
   defining Unicode char U+00CE (decimal 206)
   defining Unicode char U+00CF (decimal 207)
   defining Unicode char U+00D0 (decimal 208)
   defining Unicode char U+00D1 (decimal 209)
   defining Unicode char U+00D2 (decimal 210)
   defining Unicode char U+00D3 (decimal 211)
   defining Unicode char U+00D4 (decimal 212)
   defining Unicode char U+00D5 (decimal 213)
   defining Unicode char U+00D6 (decimal 214)
   defining Unicode char U+00D8 (decimal 216)
   defining Unicode char U+00D9 (decimal 217)
   defining Unicode char U+00DA (decimal 218)
   defining Unicode char U+00DB (decimal 219)
   defining Unicode char U+00DC (decimal 220)
   defining Unicode char U+00DD (decimal 221)
   defining Unicode char U+00DE (decimal 222)
   defining Unicode char U+00DF (decimal 223)
   defining Unicode char U+00E0 (decimal 224)
   defining Unicode char U+00E1 (decimal 225)
   defining Unicode char U+00E2 (decimal 226)
   defining Unicode char U+00E3 (decimal 227)
   defining Unicode char U+00E4 (decimal 228)
   defining Unicode char U+00E5 (decimal 229)
   defining Unicode char U+00E6 (decimal 230)
   defining Unicode char U+00E7 (decimal 231)
   defining Unicode char U+00E8 (decimal 232)
   defining Unicode char U+00E9 (decimal 233)
   defining Unicode char U+00EA (decimal 234)
   defining Unicode char U+00EB (decimal 235)
   defining Unicode char U+00EC (decimal 236)
   defining Unicode char U+00ED (decimal 237)
   defining Unicode char U+00EE (decimal 238)
   defining Unicode char U+00EF (decimal 239)
   defining Unicode char U+00F0 (decimal 240)
   defining Unicode char U+00F1 (decimal 241)
   defining Unicode char U+00F2 (decimal 242)
   defining Unicode char U+00F3 (decimal 243)
   defining Unicode char U+00F4 (decimal 244)
   defining Unicode char U+00F5 (decimal 245)
   defining Unicode char U+00F6 (decimal 246)
   defining Unicode char U+00F8 (decimal 248)
   defining Unicode char U+00F9 (decimal 249)
   defining Unicode char U+00FA (decimal 250)
   defining Unicode char U+00FB (decimal 251)
   defining Unicode char U+00FC (decimal 252)
   defining Unicode char U+00FD (decimal 253)
   defining Unicode char U+00FE (decimal 254)
   defining Unicode char U+00FF (decimal 255)
   defining Unicode char U+0100 (decimal 256)
   defining Unicode char U+0101 (decimal 257)
   defining Unicode char U+0102 (decimal 258)
   defining Unicode char U+0103 (decimal 259)
   defining Unicode char U+0104 (decimal 260)
   defining Unicode char U+0105 (decimal 261)
   defining Unicode char U+0106 (decimal 262)
   defining Unicode char U+0107 (decimal 263)
   defining Unicode char U+0108 (decimal 264)
   defining Unicode char U+0109 (decimal 265)
   defining Unicode char U+010A (decimal 266)
   defining Unicode char U+010B (decimal 267)
   defining Unicode char U+010C (decimal 268)
   defining Unicode char U+010D (decimal 269)
   defining Unicode char U+010E (decimal 270)
   defining Unicode char U+010F (decimal 271)
   defining Unicode char U+0110 (decimal 272)
   defining Unicode char U+0111 (decimal 273)
   defining Unicode char U+0112 (decimal 274)
   defining Unicode char U+0113 (decimal 275)
   defining Unicode char U+0114 (decimal 276)
   defining Unicode char U+0115 (decimal 277)
   defining Unicode char U+0116 (decimal 278)
   defining Unicode char U+0117 (decimal 279)
   defining Unicode char U+0118 (decimal 280)
   defining Unicode char U+0119 (decimal 281)
   defining Unicode char U+011A (decimal 282)
   defining Unicode char U+011B (decimal 283)
   defining Unicode char U+011C (decimal 284)
   defining Unicode char U+011D (decimal 285)
   defining Unicode char U+011E (decimal 286)
   defining Unicode char U+011F (decimal 287)
   defining Unicode char U+0120 (decimal 288)
   defining Unicode char U+0121 (decimal 289)
   defining Unicode char U+0122 (decimal 290)
   defining Unicode char U+0123 (decimal 291)
   defining Unicode char U+0124 (decimal 292)
   defining Unicode char U+0125 (decimal 293)
   defining Unicode char U+0128 (decimal 296)
   defining Unicode char U+0129 (decimal 297)
   defining Unicode char U+012A (decimal 298)
   defining Unicode char U+012B (decimal 299)
   defining Unicode char U+012C (decimal 300)
   defining Unicode char U+012D (decimal 301)
   defining Unicode char U+012E (decimal 302)
   defining Unicode char U+012F (decimal 303)
   defining Unicode char U+0130 (decimal 304)
   defining Unicode char U+0131 (decimal 305)
   defining Unicode char U+0132 (decimal 306)
   defining Unicode char U+0133 (decimal 307)
   defining Unicode char U+0134 (decimal 308)
   defining Unicode char U+0135 (decimal 309)
   defining Unicode char U+0136 (decimal 310)
   defining Unicode char U+0137 (decimal 311)
   defining Unicode char U+0139 (decimal 313)
   defining Unicode char U+013A (decimal 314)
   defining Unicode char U+013B (decimal 315)
   defining Unicode char U+013C (decimal 316)
   defining Unicode char U+013D (decimal 317)
   defining Unicode char U+013E (decimal 318)
   defining Unicode char U+0141 (decimal 321)
   defining Unicode char U+0142 (decimal 322)
   defining Unicode char U+0143 (decimal 323)
   defining Unicode char U+0144 (decimal 324)
   defining Unicode char U+0145 (decimal 325)
   defining Unicode char U+0146 (decimal 326)
   defining Unicode char U+0147 (decimal 327)
   defining Unicode char U+0148 (decimal 328)
   defining Unicode char U+014A (decimal 330)
   defining Unicode char U+014B (decimal 331)
   defining Unicode char U+014C (decimal 332)
   defining Unicode char U+014D (decimal 333)
   defining Unicode char U+014E (decimal 334)
   defining Unicode char U+014F (decimal 335)
   defining Unicode char U+0150 (decimal 336)
   defining Unicode char U+0151 (decimal 337)
   defining Unicode char U+0152 (decimal 338)
   defining Unicode char U+0153 (decimal 339)
   defining Unicode char U+0154 (decimal 340)
   defining Unicode char U+0155 (decimal 341)
   defining Unicode char U+0156 (decimal 342)
   defining Unicode char U+0157 (decimal 343)
   defining Unicode char U+0158 (decimal 344)
   defining Unicode char U+0159 (decimal 345)
   defining Unicode char U+015A (decimal 346)
   defining Unicode char U+015B (decimal 347)
   defining Unicode char U+015C (decimal 348)
   defining Unicode char U+015D (decimal 349)
   defining Unicode char U+015E (decimal 350)
   defining Unicode char U+015F (decimal 351)
   defining Unicode char U+0160 (decimal 352)
   defining Unicode char U+0161 (decimal 353)
   defining Unicode char U+0162 (decimal 354)
   defining Unicode char U+0163 (decimal 355)
   defining Unicode char U+0164 (decimal 356)
   defining Unicode char U+0165 (decimal 357)
   defining Unicode char U+0168 (decimal 360)
   defining Unicode char U+0169 (decimal 361)
   defining Unicode char U+016A (decimal 362)
   defining Unicode char U+016B (decimal 363)
   defining Unicode char U+016C (decimal 364)
   defining Unicode char U+016D (decimal 365)
   defining Unicode char U+016E (decimal 366)
   defining Unicode char U+016F (decimal 367)
   defining Unicode char U+0170 (decimal 368)
   defining Unicode char U+0171 (decimal 369)
   defining Unicode char U+0172 (decimal 370)
   defining Unicode char U+0173 (decimal 371)
   defining Unicode char U+0174 (decimal 372)
   defining Unicode char U+0175 (decimal 373)
   defining Unicode char U+0176 (decimal 374)
   defining Unicode char U+0177 (decimal 375)
   defining Unicode char U+0178 (decimal 376)
   defining Unicode char U+0179 (decimal 377)
   defining Unicode char U+017A (decimal 378)
   defining Unicode char U+017B (decimal 379)
   defining Unicode char U+017C (decimal 380)
   defining Unicode char U+017D (decimal 381)
   defining Unicode char U+017E (decimal 382)
   defining Unicode char U+01C4 (decimal 452)
   defining Unicode char U+01C5 (decimal 453)
   defining Unicode char U+01C6 (decimal 454)
   defining Unicode char U+01C7 (decimal 455)
   defining Unicode char U+01C8 (decimal 456)
   defining Unicode char U+01C9 (decimal 457)
   defining Unicode char U+01CA (decimal 458)
   defining Unicode char U+01CB (decimal 459)
   defining Unicode char U+01CC (decimal 460)
   defining Unicode char U+01CD (decimal 461)
   defining Unicode char U+01CE (decimal 462)
   defining Unicode char U+01CF (decimal 463)
   defining Unicode char U+01D0 (decimal 464)
   defining Unicode char U+01D1 (decimal 465)
   defining Unicode char U+01D2 (decimal 466)
   defining Unicode char U+01D3 (decimal 467)
   defining Unicode char U+01D4 (decimal 468)
   defining Unicode char U+01E2 (decimal 482)
   defining Unicode char U+01E3 (decimal 483)
   defining Unicode char U+01E6 (decimal 486)
   defining Unicode char U+01E7 (decimal 487)
   defining Unicode char U+01E8 (decimal 488)
   defining Unicode char U+01E9 (decimal 489)
   defining Unicode char U+01EA (decimal 490)
   defining Unicode char U+01EB (decimal 491)
   defining Unicode char U+01F0 (decimal 496)
   defining Unicode char U+01F4 (decimal 500)
   defining Unicode char U+01F5 (decimal 501)
   defining Unicode char U+0218 (decimal 536)
   defining Unicode char U+0219 (decimal 537)
   defining Unicode char U+021A (decimal 538)
   defining Unicode char U+021B (decimal 539)
   defining Unicode char U+0232 (decimal 562)
   defining Unicode char U+0233 (decimal 563)
   defining Unicode char U+0237 (decimal 567)
   defining Unicode char U+02D9 (decimal 729)
   defining Unicode char U+02DB (decimal 731)
   defining Unicode char U+1E02 (decimal 7682)
   defining Unicode char U+1E03 (decimal 7683)
   defining Unicode char U+1E0D (decimal 7693)
   defining Unicode char U+1E1E (decimal 7710)
   defining Unicode char U+1E1F (decimal 7711)
   defining Unicode char U+1E25 (decimal 7717)
   defining Unicode char U+1E30 (decimal 7728)
   defining Unicode char U+1E31 (decimal 7729)
   defining Unicode char U+1E37 (decimal 7735)
   defining Unicode char U+1E8E (decimal 7822)
   defining Unicode char U+1E8F (decimal 7823)
   defining Unicode char U+1E43 (decimal 7747)
   defining Unicode char U+1E45 (decimal 7749)
   defining Unicode char U+1E47 (decimal 7751)
   defining Unicode char U+1E5B (decimal 7771)
   defining Unicode char U+1E63 (decimal 7779)
   defining Unicode char U+1E6D (decimal 7789)
   defining Unicode char U+1E90 (decimal 7824)
   defining Unicode char U+1E91 (decimal 7825)
   defining Unicode char U+1E9E (decimal 7838)
   defining Unicode char U+1EF2 (decimal 7922)
   defining Unicode char U+1EF3 (decimal 7923)
   defining Unicode char U+200C (decimal 8204)
   defining Unicode char U+2010 (decimal 8208)
   defining Unicode char U+2011 (decimal 8209)
   defining Unicode char U+2012 (decimal 8210)
   defining Unicode char U+2013 (decimal 8211)
   defining Unicode char U+2014 (decimal 8212)
   defining Unicode char U+2015 (decimal 8213)
   defining Unicode char U+2018 (decimal 8216)
   defining Unicode char U+2019 (decimal 8217)
   defining Unicode char U+201A (decimal 8218)
   defining Unicode char U+201C (decimal 8220)
   defining Unicode char U+201D (decimal 8221)
   defining Unicode char U+201E (decimal 8222)
   defining Unicode char U+2030 (decimal 8240)
   defining Unicode char U+2031 (decimal 8241)
   defining Unicode char U+2039 (decimal 8249)
   defining Unicode char U+203A (decimal 8250)
   defining Unicode char U+2423 (decimal 9251)
   defining Unicode char U+1E20 (decimal 7712)
   defining Unicode char U+1E21 (decimal 7713)
   defining Unicode char U+FB00 (decimal 64256)
   defining Unicode char U+FB01 (decimal 64257)
   defining Unicode char U+FB02 (decimal 64258)
   defining Unicode char U+FB03 (decimal 64259)
   defining Unicode char U+FB04 (decimal 64260)
   defining Unicode char U+FB05 (decimal 64261)
   defining Unicode char U+FB06 (decimal 64262)
)
Now handling font encoding TS1 ...
... processing UTF-8 mapping file for font encoding TS1
 (/usr/local/texlive/2024/texmf-dist/tex/latex/base/ts1enc.dfu
File: ts1enc.dfu 2022/06/07 v1.3c UTF-8 support
   defining Unicode char U+00A2 (decimal 162)
   defining Unicode char U+00A3 (decimal 163)
   defining Unicode char U+00A4 (decimal 164)
   defining Unicode char U+00A5 (decimal 165)
   defining Unicode char U+00A6 (decimal 166)
   defining Unicode char U+00A7 (decimal 167)
   defining Unicode char U+00A8 (decimal 168)
   defining Unicode char U+00A9 (decimal 169)
   defining Unicode char U+00AA (decimal 170)
   defining Unicode char U+00AC (decimal 172)
   defining Unicode char U+00AE (decimal 174)
   defining Unicode char U+00AF (decimal 175)
   defining Unicode char U+00B0 (decimal 176)
   defining Unicode char U+00B1 (decimal 177)
   defining Unicode char U+00B2 (decimal 178)
   defining Unicode char U+00B3 (decimal 179)
   defining Unicode char U+00B4 (decimal 180)
   defining Unicode char U+00B5 (decimal 181)
   defining Unicode char U+00B6 (decimal 182)
   defining Unicode char U+00B7 (decimal 183)
   defining Unicode char U+00B9 (decimal 185)
   defining Unicode char U+00BA (decimal 186)
   defining Unicode char U+00BC (decimal 188)
   defining Unicode char U+00BD (decimal 189)
   defining Unicode char U+00BE (decimal 190)
   defining Unicode char U+00D7 (decimal 215)
   defining Unicode char U+00F7 (decimal 247)
   defining Unicode char U+0192 (decimal 402)
   defining Unicode char U+02C7 (decimal 711)
   defining Unicode char U+02D8 (decimal 728)
   defining Unicode char U+02DD (decimal 733)
   defining Unicode char U+0E3F (decimal 3647)
   defining Unicode char U+2016 (decimal 8214)
   defining Unicode char U+2020 (decimal 8224)
   defining Unicode char U+2021 (decimal 8225)
   defining Unicode char U+2022 (decimal 8226)
   defining Unicode char U+2030 (decimal 8240)
   defining Unicode char U+2031 (decimal 8241)
   defining Unicode char U+203B (decimal 8251)
   defining Unicode char U+203D (decimal 8253)
   defining Unicode char U+2044 (decimal 8260)
   defining Unicode char U+204E (decimal 8270)
   defining Unicode char U+2052 (decimal 8274)
   defining Unicode char U+20A1 (decimal 8353)
   defining Unicode char U+20A4 (decimal 8356)
   defining Unicode char U+20A6 (decimal 8358)
   defining Unicode char U+20A9 (decimal 8361)
   defining Unicode char U+20AB (decimal 8363)
   defining Unicode char U+20AC (decimal 8364)
   defining Unicode char U+20B1 (decimal 8369)
   defining Unicode char U+2103 (decimal 8451)
   defining Unicode char U+2116 (decimal 8470)
   defining Unicode char U+2117 (decimal 8471)
   defining Unicode char U+211E (decimal 8478)
   defining Unicode char U+2120 (decimal 8480)
   defining Unicode char U+2122 (decimal 8482)
   defining Unicode char U+2126 (decimal 8486)
   defining Unicode char U+2127 (decimal 8487)
   defining Unicode char U+212E (decimal 8494)
   defining Unicode char U+2190 (decimal 8592)
   defining Unicode char U+2191 (decimal 8593)
   defining Unicode char U+2192 (decimal 8594)
   defining Unicode char U+2193 (decimal 8595)
   defining Unicode char U+2329 (decimal 9001)
   defining Unicode char U+3008 (decimal 12296)
   defining Unicode char U+232A (decimal 9002)
   defining Unicode char U+3009 (decimal 12297)
   defining Unicode char U+2422 (decimal 9250)
   defining Unicode char U+25E6 (decimal 9702)
   defining Unicode char U+25EF (decimal 9711)
   defining Unicode char U+266A (decimal 9834)
   defining Unicode char U+27E8 (decimal 10216)
   defining Unicode char U+27E9 (decimal 10217)
   defining Unicode char U+FEFF (decimal 65279)
)
Now handling font encoding OMX ...
... no UTF-8 mapping file for font encoding OMX
Now handling font encoding U ...
... no UTF-8 mapping file for font encoding U
Now handling font encoding PD1 ...
... no UTF-8 mapping file for font encoding PD1
Now handling font encoding PU ...
... no UTF-8 mapping file for font encoding PU
   defining Unicode char U+00A9 (decimal 169)
   defining Unicode char U+00AA (decimal 170)
   defining Unicode char U+00AE (decimal 174)
   defining Unicode char U+00BA (decimal 186)
   defining Unicode char U+02C6 (decimal 710)
   defining Unicode char U+02DC (decimal 732)
   defining Unicode char U+200C (decimal 8204)
   defining Unicode char U+2026 (decimal 8230)
   defining Unicode char U+2122 (decimal 8482)
   defining Unicode char U+2423 (decimal 9251)
   defining Unicode char U+FEFF (decimal 65279)
))) (/usr/local/texlive/2024/texmf-dist/tex/latex/amsmath/amsmath.sty
Package: amsmath 2023/05/13 v2.17o AMS math features
\@mathmargin=\skip60

For additional information on amsmath, use the `?' option.
(/usr/local/texlive/2024/texmf-dist/tex/latex/amsmath/amstext.sty
Package: amstext 2021/08/26 v2.01 AMS text
) (/usr/local/texlive/2024/texmf-dist/tex/latex/amsmath/amsbsy.sty
Package: amsbsy 1999/11/29 v1.2d Bold Symbols
\pmbraise@=\dimen256
) (/usr/local/texlive/2024/texmf-dist/tex/latex/amsmath/amsopn.sty
Package: amsopn 2022/04/08 v2.04 operator names
)
\inf@bad=\count323
LaTeX Info: Redefining \frac on input line 234.
\uproot@=\count324
\leftroot@=\count325
LaTeX Info: Redefining \overline on input line 399.
LaTeX Info: Redefining \colon on input line 410.
\classnum@=\count326
\DOTSCASE@=\count327
LaTeX Info: Redefining \ldots on input line 496.
LaTeX Info: Redefining \dots on input line 499.
LaTeX Info: Redefining \cdots on input line 620.
\Mathstrutbox@=\box82
\strutbox@=\box83
LaTeX Info: Redefining \big on input line 722.
LaTeX Info: Redefining \Big on input line 723.
LaTeX Info: Redefining \bigg on input line 724.
LaTeX Info: Redefining \Bigg on input line 725.
\big@size=\dimen257
LaTeX Font Info:    Redeclaring font encoding OML on input line 743.
LaTeX Font Info:    Redeclaring font encoding OMS on input line 744.
\macc@depth=\count328
LaTeX Info: Redefining \bmod on input line 905.
LaTeX Info: Redefining \pmod on input line 910.
LaTeX Info: Redefining \smash on input line 940.
LaTeX Info: Redefining \relbar on input line 970.
LaTeX Info: Redefining \Relbar on input line 971.
\c@MaxMatrixCols=\count329
\dotsspace@=\muskip17
\c@parentequation=\count330
\dspbrk@lvl=\count331
\tag@help=\toks36
\row@=\count332
\column@=\count333
\maxfields@=\count334
\andhelp@=\toks37
\eqnshift@=\dimen258
\alignsep@=\dimen259
\tagshift@=\dimen260
\tagwidth@=\dimen261
\totwidth@=\dimen262
\lineht@=\dimen263
\@envbody=\toks38
\multlinegap=\skip61
\multlinetaggap=\skip62
\mathdisplay@stack=\toks39
LaTeX Info: Redefining \[ on input line 2953.
LaTeX Info: Redefining \] on input line 2954.
) (/usr/local/texlive/2024/texmf-dist/tex/latex/kpfonts/kpfonts.sty
Package: kpfonts  2023/01/18 v3.35
\c@mv@rm=\count335
\c@mv@boldrm=\count336
\c@mv@sf=\count337
\c@mv@boldsf=\count338
LaTeX Font Info:    Redeclaring symbol font `operators' on input line 377.
LaTeX Font Info:    Overwriting symbol font `operators' in version `normal'
(Font)                  OT1/cmr/m/n --> OT1/jkp/m/n on input line 377.
LaTeX Font Info:    Overwriting symbol font `operators' in version `bold'
(Font)                  OT1/cmr/bx/n --> OT1/jkp/m/n on input line 377.
LaTeX Font Info:    Overwriting symbol font `operators' in version `rm'
(Font)                  OT1/cmr/m/n --> OT1/jkp/m/n on input line 377.
LaTeX Font Info:    Overwriting symbol font `operators' in version `boldrm'
(Font)                  OT1/cmr/m/n --> OT1/jkp/m/n on input line 377.
LaTeX Font Info:    Overwriting symbol font `operators' in version `sf'
(Font)                  OT1/cmr/m/n --> OT1/jkp/m/n on input line 377.
LaTeX Font Info:    Overwriting symbol font `operators' in version `boldsf'
(Font)                  OT1/cmr/m/n --> OT1/jkp/m/n on input line 377.
LaTeX Font Info:    Overwriting symbol font `operators' in version `bold'
(Font)                  OT1/jkp/m/n --> OT1/jkp/b/n on input line 378.
LaTeX Font Info:    Overwriting symbol font `operators' in version `rm'
(Font)                  OT1/jkp/m/n --> OT1/jkp/m/n on input line 380.
LaTeX Font Info:    Overwriting symbol font `operators' in version `boldrm'
(Font)                  OT1/jkp/m/n --> OT1/jkp/b/n on input line 381.
LaTeX Font Info:    Overwriting symbol font `operators' in version `sf'
(Font)                  OT1/jkp/m/n --> OT1/jkpss/m/n on input line 382.
LaTeX Font Info:    Overwriting symbol font `operators' in version `boldsf'
(Font)                  OT1/jkp/m/n --> OT1/jkpss/b/n on input line 383.
LaTeX Font Info:    Redeclaring math alphabet \mathrm on input line 387.
LaTeX Font Info:    Overwriting math alphabet `\mathrm' in version `bold'
(Font)                  OT1/jkp/m/n --> OT1/jkp/b/n on input line 388.
LaTeX Font Info:    Overwriting math alphabet `\mathrm' in version `rm'
(Font)                  OT1/jkp/m/n --> OT1/jkp/m/n on input line 389.
LaTeX Font Info:    Overwriting math alphabet `\mathrm' in version `boldrm'
(Font)                  OT1/jkp/m/n --> OT1/jkp/b/n on input line 390.
LaTeX Font Info:    Overwriting math alphabet `\mathrm' in version `sf'
(Font)                  OT1/jkp/m/n --> OT1/jkp/m/n on input line 391.
LaTeX Font Info:    Overwriting math alphabet `\mathrm' in version `boldsf'
(Font)                  OT1/jkp/m/n --> OT1/jkp/b/n on input line 392.
LaTeX Font Info:    Redeclaring math alphabet \mathbf on input line 401.
LaTeX Font Info:    Overwriting math alphabet `\mathbf' in version `normal'
(Font)                  OT1/cmr/bx/n --> OT1/jkp/b/n on input line 401.
LaTeX Font Info:    Overwriting math alphabet `\mathbf' in version `bold'
(Font)                  OT1/cmr/bx/n --> OT1/jkp/b/n on input line 401.
LaTeX Font Info:    Overwriting math alphabet `\mathbf' in version `rm'
(Font)                  OT1/cmr/bx/n --> OT1/jkp/b/n on input line 401.
LaTeX Font Info:    Overwriting math alphabet `\mathbf' in version `boldrm'
(Font)                  OT1/cmr/bx/n --> OT1/jkp/b/n on input line 401.
LaTeX Font Info:    Overwriting math alphabet `\mathbf' in version `sf'
(Font)                  OT1/cmr/bx/n --> OT1/jkp/b/n on input line 401.
LaTeX Font Info:    Overwriting math alphabet `\mathbf' in version `boldsf'
(Font)                  OT1/cmr/bx/n --> OT1/jkp/b/n on input line 401.
LaTeX Font Info:    Overwriting math alphabet `\mathbf' in version `bold'
(Font)                  OT1/jkp/b/n --> OT1/jkp/b/n on input line 402.
LaTeX Font Info:    Overwriting math alphabet `\mathbf' in version `rm'
(Font)                  OT1/jkp/b/n --> OT1/jkp/b/n on input line 404.
LaTeX Font Info:    Overwriting math alphabet `\mathbf' in version `boldrm'
(Font)                  OT1/jkp/b/n --> OT1/jkp/b/n on input line 405.
LaTeX Font Info:    Overwriting math alphabet `\mathbf' in version `sf'
(Font)                  OT1/jkp/b/n --> OT1/jkpss/b/n on input line 406.
LaTeX Font Info:    Overwriting math alphabet `\mathbf' in version `boldsf'
(Font)                  OT1/jkp/b/n --> OT1/jkpss/b/n on input line 407.
LaTeX Font Info:    Redeclaring math alphabet \mathit on input line 413.
LaTeX Font Info:    Overwriting math alphabet `\mathit' in version `normal'
(Font)                  OT1/cmr/m/it --> OT1/jkp/m/it on input line 413.
LaTeX Font Info:    Overwriting math alphabet `\mathit' in version `bold'
(Font)                  OT1/cmr/bx/it --> OT1/jkp/m/it on input line 413.
LaTeX Font Info:    Overwriting math alphabet `\mathit' in version `rm'
(Font)                  OT1/cmr/m/it --> OT1/jkp/m/it on input line 413.
LaTeX Font Info:    Overwriting math alphabet `\mathit' in version `boldrm'
(Font)                  OT1/cmr/m/it --> OT1/jkp/m/it on input line 413.
LaTeX Font Info:    Overwriting math alphabet `\mathit' in version `sf'
(Font)                  OT1/cmr/m/it --> OT1/jkp/m/it on input line 413.
LaTeX Font Info:    Overwriting math alphabet `\mathit' in version `boldsf'
(Font)                  OT1/cmr/m/it --> OT1/jkp/m/it on input line 413.
LaTeX Font Info:    Overwriting math alphabet `\mathit' in version `bold'
(Font)                  OT1/jkp/m/it --> OT1/jkp/b/it on input line 414.
LaTeX Font Info:    Overwriting math alphabet `\mathit' in version `rm'
(Font)                  OT1/jkp/m/it --> OT1/jkp/m/it on input line 416.
LaTeX Font Info:    Overwriting math alphabet `\mathit' in version `boldrm'
(Font)                  OT1/jkp/m/it --> OT1/jkp/b/it on input line 417.
LaTeX Font Info:    Overwriting math alphabet `\mathit' in version `sf'
(Font)                  OT1/jkp/m/it --> OT1/jkpss/m/it on input line 418.
LaTeX Font Info:    Overwriting math alphabet `\mathit' in version `boldsf'
(Font)                  OT1/jkp/m/it --> OT1/jkpss/b/it on input line 419.
LaTeX Font Info:    Redeclaring math alphabet \mathsf on input line 424.
LaTeX Font Info:    Overwriting math alphabet `\mathsf' in version `normal'
(Font)                  OT1/cmss/m/n --> OT1/jkpss/m/n on input line 424.
LaTeX Font Info:    Overwriting math alphabet `\mathsf' in version `bold'
(Font)                  OT1/cmss/bx/n --> OT1/jkpss/m/n on input line 424.
LaTeX Font Info:    Overwriting math alphabet `\mathsf' in version `rm'
(Font)                  OT1/cmss/m/n --> OT1/jkpss/m/n on input line 424.
LaTeX Font Info:    Overwriting math alphabet `\mathsf' in version `boldrm'
(Font)                  OT1/cmss/m/n --> OT1/jkpss/m/n on input line 424.
LaTeX Font Info:    Overwriting math alphabet `\mathsf' in version `sf'
(Font)                  OT1/cmss/m/n --> OT1/jkpss/m/n on input line 424.
LaTeX Font Info:    Overwriting math alphabet `\mathsf' in version `boldsf'
(Font)                  OT1/cmss/m/n --> OT1/jkpss/m/n on input line 424.
LaTeX Font Info:    Overwriting math alphabet `\mathsf' in version `bold'
(Font)                  OT1/jkpss/m/n --> OT1/jkpss/b/n on input line 425.
LaTeX Font Info:    Overwriting math alphabet `\mathsf' in version `rm'
(Font)                  OT1/jkpss/m/n --> OT1/jkpss/m/n on input line 426.
LaTeX Font Info:    Overwriting math alphabet `\mathsf' in version `boldrm'
(Font)                  OT1/jkpss/m/n --> OT1/jkpss/b/n on input line 427.
LaTeX Font Info:    Overwriting math alphabet `\mathsf' in version `sf'
(Font)                  OT1/jkpss/m/n --> OT1/jkpss/m/n on input line 428.
LaTeX Font Info:    Overwriting math alphabet `\mathsf' in version `boldsf'
(Font)                  OT1/jkpss/m/n --> OT1/jkpss/b/n on input line 429.
LaTeX Font Info:    Redeclaring math alphabet \mathtt on input line 433.
LaTeX Font Info:    Overwriting math alphabet `\mathtt' in version `normal'
(Font)                  OT1/cmtt/m/n --> OT1/jkptt/m/n on input line 433.
LaTeX Font Info:    Overwriting math alphabet `\mathtt' in version `bold'
(Font)                  OT1/cmtt/m/n --> OT1/jkptt/m/n on input line 433.
LaTeX Font Info:    Overwriting math alphabet `\mathtt' in version `rm'
(Font)                  OT1/cmtt/m/n --> OT1/jkptt/m/n on input line 433.
LaTeX Font Info:    Overwriting math alphabet `\mathtt' in version `boldrm'
(Font)                  OT1/cmtt/m/n --> OT1/jkptt/m/n on input line 433.
LaTeX Font Info:    Overwriting math alphabet `\mathtt' in version `sf'
(Font)                  OT1/cmtt/m/n --> OT1/jkptt/m/n on input line 433.
LaTeX Font Info:    Overwriting math alphabet `\mathtt' in version `boldsf'
(Font)                  OT1/cmtt/m/n --> OT1/jkptt/m/n on input line 433.
LaTeX Font Info:    Overwriting math alphabet `\mathtt' in version `bold'
(Font)                  OT1/jkptt/m/n --> OT1/jkptt/b/n on input line 434.
LaTeX Font Info:    Overwriting math alphabet `\mathtt' in version `rm'
(Font)                  OT1/jkptt/m/n --> OT1/jkptt/m/n on input line 435.
LaTeX Font Info:    Overwriting math alphabet `\mathtt' in version `boldrm'
(Font)                  OT1/jkptt/m/n --> OT1/jkptt/b/n on input line 436.
LaTeX Font Info:    Overwriting math alphabet `\mathtt' in version `sf'
(Font)                  OT1/jkptt/m/n --> OT1/jkptt/m/n on input line 437.
LaTeX Font Info:    Overwriting math alphabet `\mathtt' in version `boldsf'
(Font)                  OT1/jkptt/m/n --> OT1/jkptt/b/n on input line 438.
LaTeX Font Info:    Redeclaring symbol font `letters' on input line 446.
LaTeX Font Info:    Overwriting symbol font `letters' in version `normal'
(Font)                  OML/cmm/m/it --> OML/jkpw/m/it on input line 446.
LaTeX Font Info:    Overwriting symbol font `letters' in version `bold'
(Font)                  OML/cmm/b/it --> OML/jkpw/m/it on input line 446.
LaTeX Font Info:    Overwriting symbol font `letters' in version `rm'
(Font)                  OML/cmm/m/it --> OML/jkpw/m/it on input line 446.
LaTeX Font Info:    Overwriting symbol font `letters' in version `boldrm'
(Font)                  OML/cmm/m/it --> OML/jkpw/m/it on input line 446.
LaTeX Font Info:    Overwriting symbol font `letters' in version `sf'
(Font)                  OML/cmm/m/it --> OML/jkpw/m/it on input line 446.
LaTeX Font Info:    Overwriting symbol font `letters' in version `boldsf'
(Font)                  OML/cmm/m/it --> OML/jkpw/m/it on input line 446.
LaTeX Font Info:    Overwriting symbol font `letters' in version `bold'
(Font)                  OML/jkpw/m/it --> OML/jkpw/bx/it on input line 447.
LaTeX Font Info:    Overwriting symbol font `letters' in version `rm'
(Font)                  OML/jkpw/m/it --> OML/jkpw/m/it on input line 449.
LaTeX Font Info:    Overwriting symbol font `letters' in version `boldrm'
(Font)                  OML/jkpw/m/it --> OML/jkpw/bx/it on input line 450.
LaTeX Font Info:    Overwriting symbol font `letters' in version `sf'
(Font)                  OML/jkpw/m/it --> OML/jkpss/m/it on input line 451.
LaTeX Font Info:    Overwriting symbol font `letters' in version `boldsf'
(Font)                  OML/jkpw/m/it --> OML/jkpss/bx/it on input line 452.
\symlettersA=\mathgroup4
LaTeX Font Info:    Overwriting symbol font `lettersA' in version `bold'
(Font)                  U/jkpmiaw/m/it --> U/jkpmiaw/bx/it on input line 462.
LaTeX Font Info:    Overwriting symbol font `lettersA' in version `rm'
(Font)                  U/jkpmiaw/m/it --> U/jkpmiaw/m/it on input line 464.
LaTeX Font Info:    Overwriting symbol font `lettersA' in version `boldrm'
(Font)                  U/jkpmiaw/m/it --> U/jkpmiaw/bx/it on input line 465.
LaTeX Font Info:    Overwriting symbol font `lettersA' in version `sf'
(Font)                  U/jkpmiaw/m/it --> U/jkpssmia/m/it on input line 466.
LaTeX Font Info:    Overwriting symbol font `lettersA' in version `boldsf'
(Font)                  U/jkpmiaw/m/it --> U/jkpssmia/bx/it on input line 467.
LaTeX Font Info:    Redeclaring symbol font `symbols' on input line 479.
LaTeX Font Info:    Overwriting symbol font `symbols' in version `normal'
(Font)                  OMS/cmsy/m/n --> OMS/jkpw/m/n on input line 479.
LaTeX Font Info:    Overwriting symbol font `symbols' in version `bold'
(Font)                  OMS/cmsy/b/n --> OMS/jkpw/m/n on input line 479.
LaTeX Font Info:    Overwriting symbol font `symbols' in version `rm'
(Font)                  OMS/cmsy/m/n --> OMS/jkpw/m/n on input line 479.
LaTeX Font Info:    Overwriting symbol font `symbols' in version `boldrm'
(Font)                  OMS/cmsy/m/n --> OMS/jkpw/m/n on input line 479.
LaTeX Font Info:    Overwriting symbol font `symbols' in version `sf'
(Font)                  OMS/cmsy/m/n --> OMS/jkpw/m/n on input line 479.
LaTeX Font Info:    Overwriting symbol font `symbols' in version `boldsf'
(Font)                  OMS/cmsy/m/n --> OMS/jkpw/m/n on input line 479.
LaTeX Font Info:    Overwriting symbol font `symbols' in version `bold'
(Font)                  OMS/jkpw/m/n --> OMS/jkpw/bx/n on input line 480.
LaTeX Font Info:    Overwriting symbol font `symbols' in version `rm'
(Font)                  OMS/jkpw/m/n --> OMS/jkpw/m/n on input line 482.
LaTeX Font Info:    Overwriting symbol font `symbols' in version `boldrm'
(Font)                  OMS/jkpw/m/n --> OMS/jkpw/bx/n on input line 483.
LaTeX Font Info:    Overwriting symbol font `symbols' in version `sf'
(Font)                  OMS/jkpw/m/n --> OMS/jkp/m/n on input line 484.
LaTeX Font Info:    Overwriting symbol font `symbols' in version `boldsf'
(Font)                  OMS/jkpw/m/n --> OMS/jkp/bx/n on input line 485.
\symAMSa=\mathgroup5
LaTeX Font Info:    Overwriting symbol font `AMSa' in version `bold'
(Font)                  U/jkpsya/m/n --> U/jkpsya/bx/n on input line 499.
LaTeX Font Info:    Overwriting symbol font `AMSa' in version `rm'
(Font)                  U/jkpsya/m/n --> U/jkpsya/m/n on input line 500.
LaTeX Font Info:    Overwriting symbol font `AMSa' in version `boldrm'
(Font)                  U/jkpsya/m/n --> U/jkpsya/bx/n on input line 501.
LaTeX Font Info:    Overwriting symbol font `AMSa' in version `sf'
(Font)                  U/jkpsya/m/n --> U/jkpsya/m/n on input line 502.
LaTeX Font Info:    Overwriting symbol font `AMSa' in version `boldsf'
(Font)                  U/jkpsya/m/n --> U/jkpsya/bx/n on input line 503.
\symAMSb=\mathgroup6
LaTeX Font Info:    Overwriting symbol font `AMSb' in version `bold'
(Font)                  U/jkpsybw/m/n --> U/jkpsybw/bx/n on input line 552.
LaTeX Font Info:    Overwriting symbol font `AMSb' in version `rm'
(Font)                  U/jkpsybw/m/n --> U/jkpsybw/m/n on input line 553.
LaTeX Font Info:    Overwriting symbol font `AMSb' in version `boldrm'
(Font)                  U/jkpsybw/m/n --> U/jkpsybw/bx/n on input line 554.
LaTeX Font Info:    Overwriting symbol font `AMSb' in version `sf'
(Font)                  U/jkpsybw/m/n --> U/jkpsssyb/m/n on input line 555.
LaTeX Font Info:    Overwriting symbol font `AMSb' in version `boldsf'
(Font)                  U/jkpsybw/m/n --> U/jkpsssyb/bx/n on input line 556.
\symsymbolsC=\mathgroup7
LaTeX Font Info:    Overwriting symbol font `symbolsC' in version `bold'
(Font)                  U/jkpsyc/m/n --> U/jkpsyc/bx/n on input line 572.
LaTeX Font Info:    Overwriting symbol font `symbolsC' in version `rm'
(Font)                  U/jkpsyc/m/n --> U/jkpsyc/m/n on input line 574.
LaTeX Font Info:    Overwriting symbol font `symbolsC' in version `boldrm'
(Font)                  U/jkpsyc/m/n --> U/jkpsyc/bx/n on input line 575.
LaTeX Font Info:    Overwriting symbol font `symbolsC' in version `sf'
(Font)                  U/jkpsyc/m/n --> U/jkpsyc/m/n on input line 576.
LaTeX Font Info:    Overwriting symbol font `symbolsC' in version `boldsf'
(Font)                  U/jkpsyc/m/n --> U/jkpsyc/bx/n on input line 577.
LaTeX Font Info:    Overwriting math alphabet `\mathscr' in version `bold'
(Font)                  U/jkpsydw/m/n --> U/jkpsydw/bx/n on input line 606.
LaTeX Font Info:    Overwriting math alphabet `\mathscr' in version `rm'
(Font)                  U/jkpsydw/m/n --> U/jkpsydw/m/n on input line 608.
LaTeX Font Info:    Overwriting math alphabet `\mathscr' in version `boldrm'
(Font)                  U/jkpsydw/m/n --> U/jkpsydw/bx/n on input line 609.
LaTeX Font Info:    Overwriting math alphabet `\mathscr' in version `sf'
(Font)                  U/jkpsydw/m/n --> U/jkpsyd/m/n on input line 610.
LaTeX Font Info:    Overwriting math alphabet `\mathscr' in version `boldsf'
(Font)                  U/jkpsydw/m/n --> U/jkpsyd/bx/n on input line 611.
LaTeX Font Info:    Redeclaring symbol font `largesymbols' on input line 621.
LaTeX Font Info:    Overwriting symbol font `largesymbols' in version `normal'
(Font)                  OMX/cmex/m/n --> OMX/jkp/m/n on input line 621.
LaTeX Font Info:    Overwriting symbol font `largesymbols' in version `bold'
(Font)                  OMX/cmex/m/n --> OMX/jkp/m/n on input line 621.
LaTeX Font Info:    Overwriting symbol font `largesymbols' in version `rm'
(Font)                  OMX/cmex/m/n --> OMX/jkp/m/n on input line 621.
LaTeX Font Info:    Overwriting symbol font `largesymbols' in version `boldrm'
(Font)                  OMX/cmex/m/n --> OMX/jkp/m/n on input line 621.
LaTeX Font Info:    Overwriting symbol font `largesymbols' in version `sf'
(Font)                  OMX/cmex/m/n --> OMX/jkp/m/n on input line 621.
LaTeX Font Info:    Overwriting symbol font `largesymbols' in version `boldsf'
(Font)                  OMX/cmex/m/n --> OMX/jkp/m/n on input line 621.
LaTeX Font Info:    Overwriting symbol font `largesymbols' in version `bold'
(Font)                  OMX/jkp/m/n --> OMX/jkp/bx/n on input line 622.
LaTeX Font Info:    Overwriting symbol font `largesymbols' in version `rm'
(Font)                  OMX/jkp/m/n --> OMX/jkp/m/n on input line 624.
LaTeX Font Info:    Overwriting symbol font `largesymbols' in version `boldrm'
(Font)                  OMX/jkp/m/n --> OMX/jkp/bx/n on input line 625.
LaTeX Font Info:    Overwriting symbol font `largesymbols' in version `sf'
(Font)                  OMX/jkp/m/n --> OMX/jkpss/m/n on input line 626.
LaTeX Font Info:    Overwriting symbol font `largesymbols' in version `boldsf'
(Font)                  OMX/jkp/m/n --> OMX/jkpss/bx/n on input line 627.
\symlargesymbolsA=\mathgroup8
LaTeX Font Info:    Overwriting symbol font `largesymbolsA' in version `bold'
(Font)                  U/jkpexa/m/n --> U/jkpexa/bx/n on input line 638.
LaTeX Font Info:    Overwriting symbol font `largesymbolsA' in version `rm'
(Font)                  U/jkpexa/m/n --> U/jkpexa/m/n on input line 640.
LaTeX Font Info:    Overwriting symbol font `largesymbolsA' in version `boldrm'
(Font)                  U/jkpexa/m/n --> U/jkpexa/bx/n on input line 641.
LaTeX Font Info:    Overwriting symbol font `largesymbolsA' in version `sf'
(Font)                  U/jkpexa/m/n --> U/jkpexa/m/n on input line 642.
LaTeX Font Info:    Overwriting symbol font `largesymbolsA' in version `boldsf'
(Font)                  U/jkpexa/m/n --> U/jkpexa/bx/n on input line 643.
LaTeX Font Info:    Redeclaring math symbol \hbar on input line 963.
LaTeX Info: Redefining \not on input line 1603.
) (/usr/local/texlive/2024/texmf-dist/tex/latex/amsfonts/amsfonts.sty
Package: amsfonts 2013/01/14 v3.01 Basic AMSFonts support
LaTeX Font Info:    Redeclaring symbol font `AMSa' on input line 59.
LaTeX Font Info:    Overwriting symbol font `AMSa' in version `normal'
(Font)                  U/jkpsya/m/n --> U/msa/m/n on input line 59.
LaTeX Font Info:    Overwriting symbol font `AMSa' in version `bold'
(Font)                  U/jkpsya/bx/n --> U/msa/m/n on input line 59.
LaTeX Font Info:    Overwriting symbol font `AMSa' in version `rm'
(Font)                  U/jkpsya/m/n --> U/msa/m/n on input line 59.
LaTeX Font Info:    Overwriting symbol font `AMSa' in version `boldrm'
(Font)                  U/jkpsya/bx/n --> U/msa/m/n on input line 59.
LaTeX Font Info:    Overwriting symbol font `AMSa' in version `sf'
(Font)                  U/jkpsya/m/n --> U/msa/m/n on input line 59.
LaTeX Font Info:    Overwriting symbol font `AMSa' in version `boldsf'
(Font)                  U/jkpsya/bx/n --> U/msa/m/n on input line 59.
LaTeX Font Info:    Redeclaring symbol font `AMSb' on input line 60.
LaTeX Font Info:    Overwriting symbol font `AMSb' in version `normal'
(Font)                  U/jkpsybw/m/n --> U/msb/m/n on input line 60.
LaTeX Font Info:    Overwriting symbol font `AMSb' in version `bold'
(Font)                  U/jkpsybw/bx/n --> U/msb/m/n on input line 60.
LaTeX Font Info:    Overwriting symbol font `AMSb' in version `rm'
(Font)                  U/jkpsybw/m/n --> U/msb/m/n on input line 60.
LaTeX Font Info:    Overwriting symbol font `AMSb' in version `boldrm'
(Font)                  U/jkpsybw/bx/n --> U/msb/m/n on input line 60.
LaTeX Font Info:    Overwriting symbol font `AMSb' in version `sf'
(Font)                  U/jkpsssyb/m/n --> U/msb/m/n on input line 60.
LaTeX Font Info:    Overwriting symbol font `AMSb' in version `boldsf'
(Font)                  U/jkpsssyb/bx/n --> U/msb/m/n on input line 60.
LaTeX Font Info:    Redeclaring math delimiter \ulcorner on input line 74.
LaTeX Font Info:    Redeclaring math delimiter \urcorner on input line 75.
LaTeX Font Info:    Redeclaring math delimiter \llcorner on input line 76.
LaTeX Font Info:    Redeclaring math delimiter \lrcorner on input line 77.
LaTeX Font Info:    Redeclaring math symbol \square on input line 141.
LaTeX Font Info:    Redeclaring math symbol \lozenge on input line 142.
) (/usr/local/texlive/2024/texmf-dist/tex/latex/amscls/amsthm.sty
Package: amsthm 2020/05/29 v2.20.6
\thm@style=\toks40
\thm@bodyfont=\toks41
\thm@headfont=\toks42
\thm@notefont=\toks43
\thm@headpunct=\toks44
\thm@preskip=\skip63
\thm@postskip=\skip64
\thm@headsep=\skip65
\dth@everypar=\toks45
) (/usr/local/texlive/2024/texmf-dist/tex/latex/amsmath/amsxtra.sty
Package: amsxtra 1999/11/15 v1.2c AMS extra commands
LaTeX Info: Redefining \nobreakspace on input line 54.
) (/usr/local/texlive/2024/texmf-dist/tex/latex/amsfonts/amssymb.sty
Package: amssymb 2013/01/14 v3.01 AMS font symbols
LaTeX Font Info:    Redeclaring math symbol \boxdot on input line 44.
LaTeX Font Info:    Redeclaring math symbol \boxplus on input line 45.
LaTeX Font Info:    Redeclaring math symbol \boxtimes on input line 46.
LaTeX Font Info:    Redeclaring math symbol \blacksquare on input line 48.
LaTeX Font Info:    Redeclaring math symbol \centerdot on input line 49.
LaTeX Font Info:    Redeclaring math symbol \blacklozenge on input line 51.
LaTeX Font Info:    Redeclaring math symbol \circlearrowright on input line 52.
LaTeX Font Info:    Redeclaring math symbol \circlearrowleft on input line 53.
LaTeX Font Info:    Redeclaring math symbol \leftrightharpoons on input line 56.
LaTeX Font Info:    Redeclaring math symbol \boxminus on input line 57.
LaTeX Font Info:    Redeclaring math symbol \Vdash on input line 58.
LaTeX Font Info:    Redeclaring math symbol \Vvdash on input line 59.
LaTeX Font Info:    Redeclaring math symbol \vDash on input line 60.
LaTeX Font Info:    Redeclaring math symbol \twoheadrightarrow on input line 61.
LaTeX Font Info:    Redeclaring math symbol \twoheadleftarrow on input line 62.
LaTeX Font Info:    Redeclaring math symbol \leftleftarrows on input line 63.
LaTeX Font Info:    Redeclaring math symbol \rightrightarrows on input line 64.
LaTeX Font Info:    Redeclaring math symbol \upuparrows on input line 65.
LaTeX Font Info:    Redeclaring math symbol \downdownarrows on input line 66.
LaTeX Font Info:    Redeclaring math symbol \upharpoonright on input line 67.
LaTeX Font Info:    Redeclaring math symbol \downharpoonright on input line 69.
LaTeX Font Info:    Redeclaring math symbol \upharpoonleft on input line 70.
LaTeX Font Info:    Redeclaring math symbol \downharpoonleft on input line 71.
LaTeX Font Info:    Redeclaring math symbol \rightarrowtail on input line 72.
LaTeX Font Info:    Redeclaring math symbol \leftarrowtail on input line 73.
LaTeX Font Info:    Redeclaring math symbol \leftrightarrows on input line 74.
LaTeX Font Info:    Redeclaring math symbol \rightleftarrows on input line 75.
LaTeX Font Info:    Redeclaring math symbol \Lsh on input line 76.
LaTeX Font Info:    Redeclaring math symbol \Rsh on input line 77.
LaTeX Font Info:    Redeclaring math symbol \leftrightsquigarrow on input line 79.
LaTeX Font Info:    Redeclaring math symbol \looparrowleft on input line 80.
LaTeX Font Info:    Redeclaring math symbol \looparrowright on input line 81.
LaTeX Font Info:    Redeclaring math symbol \circeq on input line 82.
LaTeX Font Info:    Redeclaring math symbol \succsim on input line 83.
LaTeX Font Info:    Redeclaring math symbol \gtrsim on input line 84.
LaTeX Font Info:    Redeclaring math symbol \gtrapprox on input line 85.
LaTeX Font Info:    Redeclaring math symbol \multimap on input line 86.
LaTeX Font Info:    Redeclaring math symbol \therefore on input line 87.
LaTeX Font Info:    Redeclaring math symbol \because on input line 88.
LaTeX Font Info:    Redeclaring math symbol \doteqdot on input line 89.
LaTeX Font Info:    Redeclaring math symbol \triangleq on input line 91.
LaTeX Font Info:    Redeclaring math symbol \precsim on input line 92.
LaTeX Font Info:    Redeclaring math symbol \lesssim on input line 93.
LaTeX Font Info:    Redeclaring math symbol \lessapprox on input line 94.
LaTeX Font Info:    Redeclaring math symbol \eqslantless on input line 95.
LaTeX Font Info:    Redeclaring math symbol \eqslantgtr on input line 96.
LaTeX Font Info:    Redeclaring math symbol \curlyeqprec on input line 97.
LaTeX Font Info:    Redeclaring math symbol \curlyeqsucc on input line 98.
LaTeX Font Info:    Redeclaring math symbol \preccurlyeq on input line 99.
LaTeX Font Info:    Redeclaring math symbol \leqq on input line 100.
LaTeX Font Info:    Redeclaring math symbol \leqslant on input line 101.
LaTeX Font Info:    Redeclaring math symbol \lessgtr on input line 102.
LaTeX Font Info:    Redeclaring math symbol \backprime on input line 103.
LaTeX Font Info:    Redeclaring math symbol \risingdotseq on input line 104.
LaTeX Font Info:    Redeclaring math symbol \fallingdotseq on input line 105.
LaTeX Font Info:    Redeclaring math symbol \succcurlyeq on input line 106.
LaTeX Font Info:    Redeclaring math symbol \geqq on input line 107.
LaTeX Font Info:    Redeclaring math symbol \geqslant on input line 108.
LaTeX Font Info:    Redeclaring math symbol \gtrless on input line 109.
LaTeX Font Info:    Redeclaring math symbol \bigstar on input line 117.
LaTeX Font Info:    Redeclaring math symbol \between on input line 118.
LaTeX Font Info:    Redeclaring math symbol \blacktriangledown on input line 119.
LaTeX Font Info:    Redeclaring math symbol \blacktriangleright on input line 120.
LaTeX Font Info:    Redeclaring math symbol \blacktriangleleft on input line 121.
LaTeX Font Info:    Redeclaring math symbol \vartriangle on input line 122.
LaTeX Font Info:    Redeclaring math symbol \blacktriangle on input line 123.
LaTeX Font Info:    Redeclaring math symbol \triangledown on input line 124.
LaTeX Font Info:    Redeclaring math symbol \eqcirc on input line 125.
LaTeX Font Info:    Redeclaring math symbol \lesseqgtr on input line 126.
LaTeX Font Info:    Redeclaring math symbol \gtreqless on input line 127.
LaTeX Font Info:    Redeclaring math symbol \lesseqqgtr on input line 128.
LaTeX Font Info:    Redeclaring math symbol \gtreqqless on input line 129.
LaTeX Font Info:    Redeclaring math symbol \Rrightarrow on input line 130.
LaTeX Font Info:    Redeclaring math symbol \Lleftarrow on input line 131.
LaTeX Font Info:    Redeclaring math symbol \veebar on input line 132.
LaTeX Font Info:    Redeclaring math symbol \barwedge on input line 133.
LaTeX Font Info:    Redeclaring math symbol \doublebarwedge on input line 134.
LaTeX Font Info:    Redeclaring math symbol \measuredangle on input line 137.
LaTeX Font Info:    Redeclaring math symbol \sphericalangle on input line 138.
LaTeX Font Info:    Redeclaring math symbol \varpropto on input line 139.
LaTeX Font Info:    Redeclaring math symbol \smallsmile on input line 140.
LaTeX Font Info:    Redeclaring math symbol \smallfrown on input line 141.
LaTeX Font Info:    Redeclaring math symbol \Subset on input line 142.
LaTeX Font Info:    Redeclaring math symbol \Supset on input line 143.
LaTeX Font Info:    Redeclaring math symbol \Cup on input line 144.
LaTeX Font Info:    Redeclaring math symbol \Cap on input line 146.
LaTeX Font Info:    Redeclaring math symbol \curlywedge on input line 148.
LaTeX Font Info:    Redeclaring math symbol \curlyvee on input line 149.
LaTeX Font Info:    Redeclaring math symbol \leftthreetimes on input line 150.
LaTeX Font Info:    Redeclaring math symbol \rightthreetimes on input line 151.
LaTeX Font Info:    Redeclaring math symbol \subseteqq on input line 152.
LaTeX Font Info:    Redeclaring math symbol \supseteqq on input line 153.
LaTeX Font Info:    Redeclaring math symbol \bumpeq on input line 154.
LaTeX Font Info:    Redeclaring math symbol \Bumpeq on input line 155.
LaTeX Font Info:    Redeclaring math symbol \lll on input line 156.
LaTeX Font Info:    Redeclaring math symbol \ggg on input line 158.
LaTeX Font Info:    Redeclaring math symbol \circledS on input line 160.
LaTeX Font Info:    Redeclaring math symbol \pitchfork on input line 161.
LaTeX Font Info:    Redeclaring math symbol \dotplus on input line 162.
LaTeX Font Info:    Redeclaring math symbol \backsim on input line 163.
LaTeX Font Info:    Redeclaring math symbol \backsimeq on input line 164.
LaTeX Font Info:    Redeclaring math symbol \complement on input line 165.
LaTeX Font Info:    Redeclaring math symbol \intercal on input line 166.
LaTeX Font Info:    Redeclaring math symbol \circledcirc on input line 167.
LaTeX Font Info:    Redeclaring math symbol \circledast on input line 168.
LaTeX Font Info:    Redeclaring math symbol \circleddash on input line 169.
LaTeX Font Info:    Redeclaring math symbol \lvertneqq on input line 171.
LaTeX Font Info:    Redeclaring math symbol \gvertneqq on input line 172.
LaTeX Font Info:    Redeclaring math symbol \nleq on input line 173.
LaTeX Font Info:    Redeclaring math symbol \ngeq on input line 174.
LaTeX Font Info:    Redeclaring math symbol \nless on input line 175.
LaTeX Font Info:    Redeclaring math symbol \ngtr on input line 176.
LaTeX Font Info:    Redeclaring math symbol \nprec on input line 177.
LaTeX Font Info:    Redeclaring math symbol \nsucc on input line 178.
LaTeX Font Info:    Redeclaring math symbol \lneqq on input line 179.
LaTeX Font Info:    Redeclaring math symbol \gneqq on input line 180.
LaTeX Font Info:    Redeclaring math symbol \nleqslant on input line 181.
LaTeX Font Info:    Redeclaring math symbol \ngeqslant on input line 182.
LaTeX Font Info:    Redeclaring math symbol \lneq on input line 183.
LaTeX Font Info:    Redeclaring math symbol \gneq on input line 184.
LaTeX Font Info:    Redeclaring math symbol \npreceq on input line 185.
LaTeX Font Info:    Redeclaring math symbol \nsucceq on input line 186.
LaTeX Font Info:    Redeclaring math symbol \precnsim on input line 187.
LaTeX Font Info:    Redeclaring math symbol \succnsim on input line 188.
LaTeX Font Info:    Redeclaring math symbol \lnsim on input line 189.
LaTeX Font Info:    Redeclaring math symbol \gnsim on input line 190.
LaTeX Font Info:    Redeclaring math symbol \nleqq on input line 191.
LaTeX Font Info:    Redeclaring math symbol \ngeqq on input line 192.
LaTeX Font Info:    Redeclaring math symbol \precneqq on input line 193.
LaTeX Font Info:    Redeclaring math symbol \succneqq on input line 194.
LaTeX Font Info:    Redeclaring math symbol \precnapprox on input line 195.
LaTeX Font Info:    Redeclaring math symbol \succnapprox on input line 196.
LaTeX Font Info:    Redeclaring math symbol \lnapprox on input line 197.
LaTeX Font Info:    Redeclaring math symbol \gnapprox on input line 198.
LaTeX Font Info:    Redeclaring math symbol \nsim on input line 199.
LaTeX Font Info:    Redeclaring math symbol \ncong on input line 200.
LaTeX Font Info:    Redeclaring math symbol \diagup on input line 201.
LaTeX Font Info:    Redeclaring math symbol \diagdown on input line 202.
LaTeX Font Info:    Redeclaring math symbol \varsubsetneq on input line 203.
LaTeX Font Info:    Redeclaring math symbol \varsupsetneq on input line 204.
LaTeX Font Info:    Redeclaring math symbol \nsubseteqq on input line 205.
LaTeX Font Info:    Redeclaring math symbol \nsupseteqq on input line 206.
LaTeX Font Info:    Redeclaring math symbol \subsetneqq on input line 207.
LaTeX Font Info:    Redeclaring math symbol \supsetneqq on input line 208.
LaTeX Font Info:    Redeclaring math symbol \varsubsetneqq on input line 209.
LaTeX Font Info:    Redeclaring math symbol \varsupsetneqq on input line 210.
LaTeX Font Info:    Redeclaring math symbol \subsetneq on input line 211.
LaTeX Font Info:    Redeclaring math symbol \supsetneq on input line 212.
LaTeX Font Info:    Redeclaring math symbol \nsubseteq on input line 213.
LaTeX Font Info:    Redeclaring math symbol \nsupseteq on input line 214.
LaTeX Font Info:    Redeclaring math symbol \nparallel on input line 215.
LaTeX Font Info:    Redeclaring math symbol \nmid on input line 216.
LaTeX Font Info:    Redeclaring math symbol \nshortmid on input line 217.
LaTeX Font Info:    Redeclaring math symbol \nshortparallel on input line 218.
LaTeX Font Info:    Redeclaring math symbol \nvdash on input line 219.
LaTeX Font Info:    Redeclaring math symbol \nVdash on input line 220.
LaTeX Font Info:    Redeclaring math symbol \nvDash on input line 221.
LaTeX Font Info:    Redeclaring math symbol \nVDash on input line 222.
LaTeX Font Info:    Redeclaring math symbol \ntrianglerighteq on input line 223.
LaTeX Font Info:    Redeclaring math symbol \ntrianglelefteq on input line 224.
LaTeX Font Info:    Redeclaring math symbol \ntriangleleft on input line 225.
LaTeX Font Info:    Redeclaring math symbol \ntriangleright on input line 226.
LaTeX Font Info:    Redeclaring math symbol \nleftarrow on input line 227.
LaTeX Font Info:    Redeclaring math symbol \nrightarrow on input line 228.
LaTeX Font Info:    Redeclaring math symbol \nLeftarrow on input line 229.
LaTeX Font Info:    Redeclaring math symbol \nRightarrow on input line 230.
LaTeX Font Info:    Redeclaring math symbol \nLeftrightarrow on input line 231.
LaTeX Font Info:    Redeclaring math symbol \nleftrightarrow on input line 232.
LaTeX Font Info:    Redeclaring math symbol \divideontimes on input line 233.
LaTeX Font Info:    Redeclaring math symbol \varnothing on input line 234.
LaTeX Font Info:    Redeclaring math symbol \nexists on input line 235.
LaTeX Font Info:    Redeclaring math symbol \Finv on input line 236.
LaTeX Font Info:    Redeclaring math symbol \Game on input line 237.
LaTeX Font Info:    Redeclaring math symbol \eth on input line 240.
LaTeX Font Info:    Redeclaring math symbol \eqsim on input line 241.
LaTeX Font Info:    Redeclaring math symbol \beth on input line 242.
LaTeX Font Info:    Redeclaring math symbol \gimel on input line 243.
LaTeX Font Info:    Redeclaring math symbol \daleth on input line 244.
LaTeX Font Info:    Redeclaring math symbol \lessdot on input line 245.
LaTeX Font Info:    Redeclaring math symbol \gtrdot on input line 246.
LaTeX Font Info:    Redeclaring math symbol \ltimes on input line 247.
LaTeX Font Info:    Redeclaring math symbol \rtimes on input line 248.
LaTeX Font Info:    Redeclaring math symbol \shortmid on input line 249.
LaTeX Font Info:    Redeclaring math symbol \shortparallel on input line 250.
LaTeX Font Info:    Redeclaring math symbol \smallsetminus on input line 251.
LaTeX Font Info:    Redeclaring math symbol \thicksim on input line 252.
LaTeX Font Info:    Redeclaring math symbol \thickapprox on input line 253.
LaTeX Font Info:    Redeclaring math symbol \approxeq on input line 254.
LaTeX Font Info:    Redeclaring math symbol \succapprox on input line 255.
LaTeX Font Info:    Redeclaring math symbol \precapprox on input line 256.
LaTeX Font Info:    Redeclaring math symbol \curvearrowleft on input line 257.
LaTeX Font Info:    Redeclaring math symbol \curvearrowright on input line 258.
LaTeX Font Info:    Redeclaring math symbol \digamma on input line 259.
LaTeX Font Info:    Redeclaring math symbol \varkappa on input line 260.
LaTeX Font Info:    Redeclaring math symbol \Bbbk on input line 261.
LaTeX Font Info:    Redeclaring math symbol \hslash on input line 262.
LaTeX Font Info:    Redeclaring math symbol \backepsilon on input line 265.
) (/usr/local/texlive/2024/texmf-dist/tex/generic/mathdots/mathdots.sty
Package: mathdots 2014/06/11 v0.9 Improve and add various macros for dots in math.
\MDo@unit=\dimen264
\MDo@dotsbox=\box84
\MDoprekern=\muskip18
\MDopostkern=\muskip19
\MDodotkern=\muskip20
) (/usr/local/texlive/2024/texmf-dist/tex/latex/jknapltx/mathrsfs.sty
Package: mathrsfs 1996/01/01 Math RSFS package v1.0 (jk)
\symrsfs=\mathgroup9
LaTeX Font Info:    Redeclaring math alphabet \mathscr on input line 9.
) (/usr/local/texlive/2024/texmf-dist/tex/latex/microtype/microtype.sty
Package: microtype 2023/03/13 v3.1a Micro-typographical refinements (RS)
\MT@toks=\toks46
\MT@tempbox=\box85
\MT@count=\count339
LaTeX Info: Redefining \noprotrusionifhmode on input line 1059.
LaTeX Info: Redefining \leftprotrusion on input line 1060.
\MT@prot@toks=\toks47
LaTeX Info: Redefining \rightprotrusion on input line 1078.
LaTeX Info: Redefining \textls on input line 1368.
\MT@outer@kern=\dimen265
LaTeX Info: Redefining \textmicrotypecontext on input line 1988.
\MT@listname@count=\count340
 (/usr/local/texlive/2024/texmf-dist/tex/latex/microtype/microtype-pdftex.def
File: microtype-pdftex.def 2023/03/13 v3.1a Definitions specific to pdftex (RS)
LaTeX Info: Redefining \lsstyle on input line 902.
LaTeX Info: Redefining \lslig on input line 902.
\MT@outer@space=\skip66
)
Package microtype Info: Loading configuration file microtype.cfg.
 (/usr/local/texlive/2024/texmf-dist/tex/latex/microtype/microtype.cfg
File: microtype.cfg 2023/03/13 v3.1a microtype main configuration file (RS)
)) (/usr/local/texlive/2024/texmf-dist/tex/latex/stmaryrd/stmaryrd.sty
Package: stmaryrd 1994/03/03 St Mary's Road symbol package
\symstmry=\mathgroup10
LaTeX Font Info:    Overwriting symbol font `stmry' in version `bold'
(Font)                  U/stmry/m/n --> U/stmry/b/n on input line 89.
) (/usr/local/texlive/2024/texmf-dist/tex/latex/titlesec/titlesec.sty
Package: titlesec 2023/10/27 v2.16 Sectioning titles
\ttl@box=\box86
\beforetitleunit=\skip67
\aftertitleunit=\skip68
\ttl@plus=\dimen266
\ttl@minus=\dimen267
\ttl@toksa=\toks48
\titlewidth=\dimen268
\titlewidthlast=\dimen269
\titlewidthfirst=\dimen270
) (/usr/local/texlive/2024/texmf-dist/tex/latex/tocloft/tocloft.sty
Package: tocloft 2017/08/31 v2.3i parameterised ToC, etc., typesetting
Package tocloft Info: The document has section divisions on input line 51.
\cftparskip=\skip69
\cftbeforetoctitleskip=\skip70
\cftaftertoctitleskip=\skip71
\cftbeforepartskip=\skip72
\cftpartnumwidth=\skip73
\cftpartindent=\skip74
\cftbeforesecskip=\skip75
\cftsecindent=\skip76
\cftsecnumwidth=\skip77
\cftbeforesubsecskip=\skip78
\cftsubsecindent=\skip79
\cftsubsecnumwidth=\skip80
\cftbeforesubsubsecskip=\skip81
\cftsubsubsecindent=\skip82
\cftsubsubsecnumwidth=\skip83
\cftbeforeparaskip=\skip84
\cftparaindent=\skip85
\cftparanumwidth=\skip86
\cftbeforesubparaskip=\skip87
\cftsubparaindent=\skip88
\cftsubparanumwidth=\skip89
\cftbeforeloftitleskip=\skip90
\cftafterloftitleskip=\skip91
\cftbeforefigskip=\skip92
\cftfigindent=\skip93
\cftfignumwidth=\skip94
\c@lofdepth=\count341
\c@lotdepth=\count342
\cftbeforelottitleskip=\skip95
\cftafterlottitleskip=\skip96
\cftbeforetabskip=\skip97
\cfttabindent=\skip98
\cfttabnumwidth=\skip99
) (/usr/local/texlive/2024/texmf-dist/tex/latex/textcase/textcase.sty
Package: textcase 2023/07/27 v1.04 Text only upper/lower case changing (DPC)
Package textcase Info: Defining Legacy names on input line 20.
) (/usr/local/texlive/2024/texmf-dist/tex/latex/setspace/setspace.sty
Package: setspace 2022/12/04 v6.7b set line spacing
) (/usr/local/texlive/2024/texmf-dist/tex/latex/xfrac/xfrac.sty
Package: xfrac 2024-02-13 Split-level fractions
 (/usr/local/texlive/2024/texmf-dist/tex/latex/l3packages/xtemplate/xtemplate.sty (/usr/local/texlive/2024/texmf-dist/tex/latex/l3packages/xtemplate/xtemplate-2023-10-10.sty (/usr/local/texlive/2024/texmf-dist/tex/latex/l3kernel/expl3.sty
Package: expl3 2024-02-20 L3 programming layer (loader) 
 (/usr/local/texlive/2024/texmf-dist/tex/latex/l3backend/l3backend-pdftex.def
File: l3backend-pdftex.def 2024-02-20 L3 backend support: PDF output (pdfTeX)
\l__color_backend_stack_int=\count343
\l__pdf_internal_box=\box87
))
Package: xtemplate 2023-10-10 L3 Experimental prototype document functions
\l__xtemplate_tmp_dim=\dimen271
\l__xtemplate_tmp_int=\count344
\l__xtemplate_tmp_muskip=\muskip21
\l__xtemplate_tmp_skip=\skip100
))
\l__xfrac_slash_box=\box88
\l__xfrac_tmp_box=\box89
\l__xfrac_denominator_bot_sep_dim=\dimen272
\l__xfrac_numerator_bot_sep_dim=\dimen273
\l__xfrac_numerator_top_sep_dim=\dimen274
\l__xfrac_slash_left_sep_dim=\dimen275
\l__xfrac_slash_right_sep_dim=\dimen276
\l__xfrac_slash_left_muskip=\muskip22
\l__xfrac_slash_right_muskip=\muskip23

Package xtemplate Info: Declaring object type 'xfrac' taking 3 argument(s) on
(xtemplate)             line 98.

) (/usr/local/texlive/2024/texmf-dist/tex/latex/mathtools/mathtools.sty
Package: mathtools 2024/03/11 v1.30 mathematical typesetting tools
 (/usr/local/texlive/2024/texmf-dist/tex/latex/tools/calc.sty
Package: calc 2023/07/08 v4.3 Infix arithmetic (KKT,FJ)
\calc@Acount=\count345
\calc@Bcount=\count346
\calc@Adimen=\dimen277
\calc@Bdimen=\dimen278
\calc@Askip=\skip101
\calc@Bskip=\skip102
LaTeX Info: Redefining \setlength on input line 80.
LaTeX Info: Redefining \addtolength on input line 81.
\calc@Ccount=\count347
\calc@Cskip=\skip103
) (/usr/local/texlive/2024/texmf-dist/tex/latex/mathtools/mhsetup.sty
Package: mhsetup 2021/03/18 v1.4 programming setup (MH)
)
\g_MT_multlinerow_int=\count348
\l_MT_multwidth_dim=\dimen279
\origjot=\skip104
\l_MT_shortvdotswithinadjustabove_dim=\dimen280
\l_MT_shortvdotswithinadjustbelow_dim=\dimen281
\l_MT_above_intertext_sep=\dimen282
\l_MT_below_intertext_sep=\dimen283
\l_MT_above_shortintertext_sep=\dimen284
\l_MT_below_shortintertext_sep=\dimen285
\xmathstrut@box=\box90
\xmathstrut@dim=\dimen286
) (/usr/local/texlive/2024/texmf-dist/tex/latex/faktor/faktor.sty
Package: faktor 2006/04/05 v0.1b Faktor-Ringe, -Gruppen, -Raeume (PE)
\faktor@zaehlerhoehe=\skip105
\faktor@nennerhoehe=\skip106
) (/usr/local/texlive/2024/texmf-dist/tex/latex/cancel/cancel.sty
Package: cancel 2013/04/12 v2.2 Cancel math terms
) (/usr/local/texlive/2024/texmf-dist/tex/latex/mparhack/mparhack.sty
Package: mparhack 2021-05-02 v1.5 (T. Sgouros and S. Ulrich)
) (/usr/local/texlive/2024/texmf-dist/tex/latex/booktabs/booktabs.sty
Package: booktabs 2020/01/12 v1.61803398 Publication quality tables
\heavyrulewidth=\dimen287
\lightrulewidth=\dimen288
\cmidrulewidth=\dimen289
\belowrulesep=\dimen290
\belowbottomsep=\dimen291
\aboverulesep=\dimen292
\abovetopsep=\dimen293
\cmidrulesep=\dimen294
\cmidrulekern=\dimen295
\defaultaddspace=\dimen296
\@cmidla=\count349
\@cmidlb=\count350
\@aboverulesep=\dimen297
\@belowrulesep=\dimen298
\@thisruleclass=\count351
\@lastruleclass=\count352
\@thisrulewidth=\dimen299
) (/usr/local/texlive/2024/texmf-dist/tex/latex/multirow/multirow.sty
Package: multirow 2021/03/15 v2.8 Span multiple rows of a table
\multirow@colwidth=\skip107
\multirow@cntb=\count353
\multirow@dima=\skip108
\bigstrutjot=\dimen300
) (/usr/local/texlive/2024/texmf-dist/tex/latex/babelbib/babelbib.sty
Package: babelbib 2021/01/06 v1.34 babelbib: multilingual bibliographies
\c@btxromaniannumeral=\count354
) (./commons.sty

LaTeX Warning: You have requested package `commons',
               but the package provides `Commons'.

Package: Commons 
) (/usr/local/texlive/2024/texmf-dist/tex/latex/csquotes/csquotes.sty
Package: csquotes 2022-09-14 v5.2n context-sensitive quotations (JAW)
\csq@reset=\count355
\csq@gtype=\count356
\csq@glevel=\count357
\csq@qlevel=\count358
\csq@maxlvl=\count359
\csq@tshold=\count360
\csq@ltx@everypar=\toks49
 (/usr/local/texlive/2024/texmf-dist/tex/latex/csquotes/csquotes.def
File: csquotes.def 2022-09-14 v5.2n csquotes generic definitions (JAW)
)
Package csquotes Info: Trying to load configuration file 'csquotes.cfg'...
Package csquotes Info: ... configuration file loaded successfully.
 (/usr/local/texlive/2024/texmf-dist/tex/latex/csquotes/csquotes.cfg
File: csquotes.cfg 
)) (/usr/local/texlive/2024/texmf-dist/tex/latex/geometry/geometry.sty
Package: geometry 2020/01/02 v5.9 Page Geometry
 (/usr/local/texlive/2024/texmf-dist/tex/generic/iftex/ifvtex.sty
Package: ifvtex 2019/10/25 v1.7 ifvtex legacy package. Use iftex instead.
)
\Gm@cnth=\count361
\Gm@cntv=\count362
\c@Gm@tempcnt=\count363
\Gm@bindingoffset=\dimen301
\Gm@wd@mp=\dimen302
\Gm@odd@mp=\dimen303
\Gm@even@mp=\dimen304
\Gm@layoutwidth=\dimen305
\Gm@layoutheight=\dimen306
\Gm@layouthoffset=\dimen307
\Gm@layoutvoffset=\dimen308
\Gm@dimlist=\toks50
) (/usr/local/texlive/2024/texmf-dist/tex/latex/psnfss/helvet.sty
Package: helvet 2020/03/25 PSNFSS-v9.3 (WaS) 
) (/usr/local/texlive/2024/texmf-dist/tex/latex/psnfss/courier.sty
Package: courier 2020/03/25 PSNFSS-v9.3 (WaS) 
) (/usr/local/texlive/2024/texmf-dist/tex/latex/euler/euler.sty
Package: euler 1995/03/05 v2.5

Package: `euler' v2.5 <1995/03/05> (FJ and FMi)
LaTeX Font Info:    Redeclaring symbol font `letters' on input line 35.
LaTeX Font Info:    Encoding `OML' has changed to `U' for symbol font
(Font)              `letters' in the math version `normal' on input line 35.
LaTeX Font Info:    Overwriting symbol font `letters' in version `normal'
(Font)                  OML/jkpw/m/it --> U/eur/m/n on input line 35.
LaTeX Font Info:    Encoding `OML' has changed to `U' for symbol font
(Font)              `letters' in the math version `bold' on input line 35.
LaTeX Font Info:    Overwriting symbol font `letters' in version `bold'
(Font)                  OML/jkpw/bx/it --> U/eur/m/n on input line 35.
LaTeX Font Info:    Encoding `OML' has changed to `U' for symbol font
(Font)              `letters' in the math version `rm' on input line 35.
LaTeX Font Info:    Overwriting symbol font `letters' in version `rm'
(Font)                  OML/jkpw/m/it --> U/eur/m/n on input line 35.
LaTeX Font Info:    Encoding `OML' has changed to `U' for symbol font
(Font)              `letters' in the math version `boldrm' on input line 35.
LaTeX Font Info:    Overwriting symbol font `letters' in version `boldrm'
(Font)                  OML/jkpw/bx/it --> U/eur/m/n on input line 35.
LaTeX Font Info:    Encoding `OML' has changed to `U' for symbol font
(Font)              `letters' in the math version `sf' on input line 35.
LaTeX Font Info:    Overwriting symbol font `letters' in version `sf'
(Font)                  OML/jkpss/m/it --> U/eur/m/n on input line 35.
LaTeX Font Info:    Encoding `OML' has changed to `U' for symbol font
(Font)              `letters' in the math version `boldsf' on input line 35.
LaTeX Font Info:    Overwriting symbol font `letters' in version `boldsf'
(Font)                  OML/jkpss/bx/it --> U/eur/m/n on input line 35.
LaTeX Font Info:    Overwriting symbol font `letters' in version `bold'
(Font)                  U/eur/m/n --> U/eur/b/n on input line 36.
LaTeX Font Info:    Redeclaring math symbol \Gamma on input line 47.
LaTeX Font Info:    Redeclaring math symbol \Delta on input line 48.
LaTeX Font Info:    Redeclaring math symbol \Theta on input line 49.
LaTeX Font Info:    Redeclaring math symbol \Lambda on input line 50.
LaTeX Font Info:    Redeclaring math symbol \Xi on input line 51.
LaTeX Font Info:    Redeclaring math symbol \Pi on input line 52.
LaTeX Font Info:    Redeclaring math symbol \Sigma on input line 53.
LaTeX Font Info:    Redeclaring math symbol \Upsilon on input line 54.
LaTeX Font Info:    Redeclaring math symbol \Phi on input line 55.
LaTeX Font Info:    Redeclaring math symbol \Psi on input line 56.
LaTeX Font Info:    Redeclaring math symbol \Omega on input line 57.
\symEulerFraktur=\mathgroup11
LaTeX Font Info:    Overwriting symbol font `EulerFraktur' in version `bold'
(Font)                  U/euf/m/n --> U/euf/b/n on input line 63.
LaTeX Info: Redefining \oldstylenums on input line 85.
\symEulerScript=\mathgroup12
LaTeX Font Info:    Overwriting symbol font `EulerScript' in version `bold'
(Font)                  U/eus/m/n --> U/eus/b/n on input line 93.
LaTeX Font Info:    Redeclaring math symbol \aleph on input line 97.
LaTeX Font Info:    Redeclaring math symbol \Re on input line 98.
LaTeX Font Info:    Redeclaring math symbol \Im on input line 99.
LaTeX Font Info:    Redeclaring math delimiter \vert on input line 101.
LaTeX Font Info:    Redeclaring math delimiter \backslash on input line 103.
LaTeX Font Info:    Redeclaring math symbol \neg on input line 106.
LaTeX Font Info:    Redeclaring math symbol \wedge on input line 108.
LaTeX Font Info:    Redeclaring math symbol \vee on input line 110.
LaTeX Font Info:    Redeclaring math symbol \setminus on input line 112.
LaTeX Font Info:    Redeclaring math symbol \sim on input line 113.
LaTeX Font Info:    Redeclaring math symbol \mid on input line 114.
LaTeX Font Info:    Redeclaring math delimiter \arrowvert on input line 116.
LaTeX Font Info:    Redeclaring math symbol \mathsection on input line 117.
\symEulerExtension=\mathgroup13
LaTeX Font Info:    Redeclaring math symbol \coprod@ on input line 125.
LaTeX Font Info:    Redeclaring math symbol \prod@ on input line 125.
LaTeX Font Info:    Redeclaring math symbol \sum@ on input line 125.
LaTeX Font Info:    Redeclaring math symbol \intop on input line 130.
LaTeX Font Info:    Redeclaring math symbol \ointop on input line 131.
LaTeX Font Info:    Redeclaring math symbol \braceld on input line 132.
LaTeX Font Info:    Redeclaring math symbol \bracerd on input line 133.
LaTeX Font Info:    Redeclaring math symbol \bracelu on input line 134.
LaTeX Font Info:    Redeclaring math symbol \braceru on input line 135.
LaTeX Font Info:    Redeclaring math symbol \infty on input line 136.
LaTeX Font Info:    Redeclaring math symbol \nearrow on input line 153.
LaTeX Font Info:    Redeclaring math symbol \searrow on input line 154.
LaTeX Font Info:    Redeclaring math symbol \nwarrow on input line 155.
LaTeX Font Info:    Redeclaring math symbol \swarrow on input line 156.
LaTeX Font Info:    Redeclaring math symbol \Leftrightarrow on input line 157.
LaTeX Font Info:    Redeclaring math symbol \Leftarrow on input line 158.
LaTeX Font Info:    Redeclaring math symbol \Rightarrow on input line 159.
LaTeX Font Info:    Redeclaring math symbol \leftrightarrow on input line 160.
LaTeX Font Info:    Redeclaring math symbol \leftarrow on input line 161.
LaTeX Font Info:    Redeclaring math symbol \rightarrow on input line 163.
LaTeX Font Info:    Redeclaring math delimiter \uparrow on input line 166.
LaTeX Font Info:    Redeclaring math delimiter \downarrow on input line 168.
LaTeX Font Info:    Redeclaring math delimiter \updownarrow on input line 170.
LaTeX Font Info:    Redeclaring math delimiter \Uparrow on input line 172.
LaTeX Font Info:    Redeclaring math delimiter \Downarrow on input line 174.
LaTeX Font Info:    Redeclaring math delimiter \Updownarrow on input line 176.
LaTeX Font Info:    Redeclaring math symbol \leftharpoonup on input line 177.
LaTeX Font Info:    Redeclaring math symbol \leftharpoondown on input line 178.
LaTeX Font Info:    Redeclaring math symbol \rightharpoonup on input line 179.
LaTeX Font Info:    Redeclaring math symbol \rightharpoondown on input line 180.
LaTeX Font Info:    Redeclaring math delimiter \lbrace on input line 182.
LaTeX Font Info:    Redeclaring math delimiter \rbrace on input line 184.
\symcmmigroup=\mathgroup14
LaTeX Font Info:    Overwriting symbol font `cmmigroup' in version `bold'
(Font)                  OML/cmm/m/it --> OML/cmm/b/it on input line 200.
LaTeX Font Info:    Redeclaring math accent \vec on input line 201.
LaTeX Font Info:    Redeclaring math symbol \triangleleft on input line 202.
LaTeX Font Info:    Redeclaring math symbol \triangleright on input line 203.
LaTeX Font Info:    Redeclaring math symbol \star on input line 204.
LaTeX Font Info:    Redeclaring math symbol \lhook on input line 205.
LaTeX Font Info:    Redeclaring math symbol \rhook on input line 206.
LaTeX Font Info:    Redeclaring math symbol \flat on input line 207.
LaTeX Font Info:    Redeclaring math symbol \natural on input line 208.
LaTeX Font Info:    Redeclaring math symbol \sharp on input line 209.
LaTeX Font Info:    Redeclaring math symbol \smile on input line 210.
LaTeX Font Info:    Redeclaring math symbol \frown on input line 211.
LaTeX Font Info:    Redeclaring math accent \hat on input line 254.
)
LaTeX Font Info:    Trying to load font information for OT1+ppl on input line 206.
 (/usr/local/texlive/2024/texmf-dist/tex/latex/psnfss/ot1ppl.fd
File: ot1ppl.fd 2001/06/04 font definitions for OT1/ppl.
) (/usr/local/texlive/2024/texmf-dist/tex/latex/base/fontenc.sty
Package: fontenc 2021/04/29 v2.0v Standard LaTeX package
LaTeX Font Info:    Trying to load font information for T1+ppl on input line 112.
 (/usr/local/texlive/2024/texmf-dist/tex/latex/psnfss/t1ppl.fd
File: t1ppl.fd 2001/06/04 font definitions for T1/ppl.
))
\c@notes@lecture=\count364
\c@theorem=\count365
) (/usr/local/texlive/2024/texmf-dist/tex/latex/lipsum/lipsum.sty (/usr/local/texlive/2024/texmf-dist/tex/latex/l3packages/l3keys2e/l3keys2e.sty
Package: l3keys2e 2024-02-18 LaTeX2e option processing using LaTeX3 keys
)
Package: lipsum 2021-09-20 v2.7 150 paragraphs of Lorem Ipsum dummy text
\g__lipsum_par_int=\count366
\l__lipsum_a_int=\count367
\l__lipsum_b_int=\count368
 (/usr/local/texlive/2024/texmf-dist/tex/latex/lipsum/lipsum.ltd.tex))
Package csquotes Info: Checking for multilingual support...
Package csquotes Info: ... found 'babel' package.
Package csquotes Info: Adjusting default style.
Package csquotes Info: Redefining alias 'default' -> 'english'.

No file statmech-primer.aux.
\openout1 = `statmech-primer.aux'.

LaTeX Font Info:    Checking defaults for OML/jkpw/m/it on input line 25.
LaTeX Font Info:    Trying to load font information for OML+jkpw on input line 25.
(/usr/local/texlive/2024/texmf-dist/tex/latex/kpfonts/omljkpw.fd
File: omljkpw.fd 2006/08/15 v1.0
)
LaTeX Font Info:    ... okay on input line 25.
LaTeX Font Info:    Checking defaults for OMS/jkpw/m/n on input line 25.
LaTeX Font Info:    Trying to load font information for OMS+jkpw on input line 25.
 (/usr/local/texlive/2024/texmf-dist/tex/latex/kpfonts/omsjkpw.fd
File: omsjkpw.fd 2006/08/15 v1.0
)
LaTeX Font Info:    ... okay on input line 25.
LaTeX Font Info:    Checking defaults for OT1/cmr/m/n on input line 25.
LaTeX Font Info:    ... okay on input line 25.
LaTeX Font Info:    Checking defaults for T1/cmr/m/n on input line 25.
LaTeX Font Info:    ... okay on input line 25.
LaTeX Font Info:    Checking defaults for TS1/cmr/m/n on input line 25.
LaTeX Font Info:    ... okay on input line 25.
LaTeX Font Info:    Checking defaults for OMX/jkp/m/n on input line 25.
LaTeX Font Info:    Trying to load font information for OMX+jkp on input line 25.
 (/usr/local/texlive/2024/texmf-dist/tex/latex/kpfonts/omxjkp.fd
File: omxjkp.fd 2006/08/15 v1.0
)
LaTeX Font Info:    ... okay on input line 25.
LaTeX Font Info:    Checking defaults for U/jkpexa/m/n on input line 25.
LaTeX Font Info:    Trying to load font information for U+jkpexa on input line 25.
 (/usr/local/texlive/2024/texmf-dist/tex/latex/kpfonts/ujkpexa.fd
File: ujkpexa.fd 2006/08/15 v1.0
)
LaTeX Font Info:    ... okay on input line 25.
LaTeX Font Info:    Checking defaults for PD1/pdf/m/n on input line 25.
LaTeX Font Info:    ... okay on input line 25.
LaTeX Font Info:    Checking defaults for PU/pdf/m/n on input line 25.
LaTeX Font Info:    ... okay on input line 25.
Package hyperref Info: Link coloring ON on input line 25.
\@outlinefile=\write4
\openout4 = `statmech-primer.out'.

 (/usr/local/texlive/2024/texmf-dist/tex/context/base/mkii/supp-pdf.mkii
[Loading MPS to PDF converter (version 2006.09.02).]
\scratchcounter=\count369
\scratchdimen=\dimen309
\scratchbox=\box91
\nofMPsegments=\count370
\nofMParguments=\count371
\everyMPshowfont=\toks51
\MPscratchCnt=\count372
\MPscratchDim=\dimen310
\MPnumerator=\count373
\makeMPintoPDFobject=\count374
\everyMPtoPDFconversion=\toks52
) (/usr/local/texlive/2024/texmf-dist/tex/latex/epstopdf-pkg/epstopdf-base.sty
Package: epstopdf-base 2020-01-24 v2.11 Base part for package epstopdf
Package epstopdf-base Info: Redefining graphics rule for `.eps' on input line 485.
 (/usr/local/texlive/2024/texmf-dist/tex/latex/latexconfig/epstopdf-sys.cfg
File: epstopdf-sys.cfg 2010/07/13 v1.3 Configuration of (r)epstopdf for TeX Live
))
LaTeX Info: Redefining \microtypecontext on input line 25.
Package microtype Info: Applying patch `item' on input line 25.
Package microtype Info: Applying patch `toc' on input line 25.
Package microtype Info: Applying patch `eqnum' on input line 25.


Package microtype Warning: Unable to apply patch `footnote' on input line 25.

Package microtype Info: Applying patch `verbatim' on input line 25.
Package microtype Info: Generating PDF output.
Package microtype Info: Character protrusion enabled (level 2).
Package microtype Info: Using default protrusion set `alltext'.
Package microtype Info: Automatic font expansion enabled (level 2),
(microtype)             stretch: 20, shrink: 20, step: 1, non-selected.
Package microtype Info: Using default expansion set `alltext-nott'.
LaTeX Info: Redefining \showhyphens on input line 25.
Package microtype Info: No adjustment of tracking.
Package microtype Info: No adjustment of interword spacing.
Package microtype Info: No adjustment of character kerning.
(/usr/local/texlive/2024/texmf-dist/tex/latex/microtype/mt-ppl.cfg
File: mt-ppl.cfg 2005/11/16 v1.6 microtype config. file: Palatino (RS)
)
babelbib: Set bibliography fall-back language to english
babelbib: english.bdf loaded because language english defined.
(/usr/local/texlive/2024/texmf-dist/tex/latex/babelbib/english.bdf
File: english.bdf 2021/01/06 v1.34 babelbib: multilingual bibliographies

babelbib extension \btxifchangecaseon added to \extrasenglish
)
babelbib: Load BibTeX extensions \bibsenglish for english
babelbib: Set language for keywords in the bibliography fixed to english
*geometry* driver: auto-detecting
*geometry* detected driver: pdftex
*geometry* verbose mode - [ preamble ] result:
* driver: pdftex
* paper: letterpaper
* layout: <same size as paper>
* layoutoffset:(h,v)=(0.0pt,0.0pt)
* modes: twoside asymmetric 
* h-part:(L,W,R)=(36.135pt, 433.62001pt, 144.54pt)
* v-part:(T,H,B)=(57.81621pt, 679.33757pt, 57.81621pt)
* \paperwidth=614.295pt
* \paperheight=794.96999pt
* \textwidth=433.62001pt
* \textheight=679.33757pt
* \oddsidemargin=-36.135pt
* \evensidemargin=-36.135pt
* \topmargin=-51.45378pt
* \headheight=12.0pt
* \headsep=25.0pt
* \topskip=11.0pt
* \footskip=30.0pt
* \marginparwidth=103.0pt
* \marginparsep=10.0pt
* \columnsep=10.0pt
* \skip\footins=10.0pt plus 4.0pt minus 2.0pt
* \hoffset=0.0pt
* \voffset=0.0pt
* \mag=1000
* \@twocolumnfalse
* \@twosidetrue
* \@mparswitchfalse
* \@reversemarginfalse
* (1in=72.27pt=25.4mm, 1cm=28.453pt)

LaTeX Font Info:    Redeclaring symbol font `operators' on input line 25.
LaTeX Font Info:    Overwriting symbol font `operators' in version `normal'
(Font)                  OT1/jkp/m/n --> OT1/ppl/m/up on input line 25.
LaTeX Font Info:    Overwriting symbol font `operators' in version `bold'
(Font)                  OT1/jkp/b/n --> OT1/ppl/m/up on input line 25.
LaTeX Font Info:    Overwriting symbol font `operators' in version `rm'
(Font)                  OT1/jkp/m/n --> OT1/ppl/m/up on input line 25.
LaTeX Font Info:    Overwriting symbol font `operators' in version `boldrm'
(Font)                  OT1/jkp/b/n --> OT1/ppl/m/up on input line 25.
LaTeX Font Info:    Overwriting symbol font `operators' in version `sf'
(Font)                  OT1/jkpss/m/n --> OT1/ppl/m/up on input line 25.
LaTeX Font Info:    Overwriting symbol font `operators' in version `boldsf'
(Font)                  OT1/jkpss/b/n --> OT1/ppl/m/up on input line 25.
LaTeX Font Info:    Overwriting symbol font `operators' in version `bold'
(Font)                  OT1/ppl/m/up --> OT1/ppl/b/up on input line 25.
LaTeX Font Info:    Redeclaring math alphabet \mathbf on input line 25.
LaTeX Font Info:    Overwriting math alphabet `\mathbf' in version `normal'
(Font)                  OT1/jkp/b/n --> OT1/ppl/b/up on input line 25.
LaTeX Font Info:    Overwriting math alphabet `\mathbf' in version `bold'
(Font)                  OT1/jkp/b/n --> OT1/ppl/b/up on input line 25.
LaTeX Font Info:    Overwriting math alphabet `\mathbf' in version `rm'
(Font)                  OT1/jkp/b/n --> OT1/ppl/b/up on input line 25.
LaTeX Font Info:    Overwriting math alphabet `\mathbf' in version `boldrm'
(Font)                  OT1/jkp/b/n --> OT1/ppl/b/up on input line 25.
LaTeX Font Info:    Overwriting math alphabet `\mathbf' in version `sf'
(Font)                  OT1/jkpss/b/n --> OT1/ppl/b/up on input line 25.
LaTeX Font Info:    Overwriting math alphabet `\mathbf' in version `boldsf'
(Font)                  OT1/jkpss/b/n --> OT1/ppl/b/up on input line 25.
LaTeX Font Info:    Redeclaring math alphabet \mathsf on input line 25.
LaTeX Font Info:    Overwriting math alphabet `\mathsf' in version `normal'
(Font)                  OT1/jkpss/m/n --> OT1/phv/m/up on input line 25.
LaTeX Font Info:    Overwriting math alphabet `\mathsf' in version `bold'
(Font)                  OT1/jkpss/b/n --> OT1/phv/m/up on input line 25.
LaTeX Font Info:    Overwriting math alphabet `\mathsf' in version `rm'
(Font)                  OT1/jkpss/m/n --> OT1/phv/m/up on input line 25.
LaTeX Font Info:    Overwriting math alphabet `\mathsf' in version `boldrm'
(Font)                  OT1/jkpss/b/n --> OT1/phv/m/up on input line 25.
LaTeX Font Info:    Overwriting math alphabet `\mathsf' in version `sf'
(Font)                  OT1/jkpss/m/n --> OT1/phv/m/up on input line 25.
LaTeX Font Info:    Overwriting math alphabet `\mathsf' in version `boldsf'
(Font)                  OT1/jkpss/b/n --> OT1/phv/m/up on input line 25.
LaTeX Font Info:    Redeclaring math alphabet \mathit on input line 25.
LaTeX Font Info:    Overwriting math alphabet `\mathit' in version `normal'
(Font)                  OT1/jkp/m/it --> OT1/ppl/m/it on input line 25.
LaTeX Font Info:    Overwriting math alphabet `\mathit' in version `bold'
(Font)                  OT1/jkp/b/it --> OT1/ppl/m/it on input line 25.
LaTeX Font Info:    Overwriting math alphabet `\mathit' in version `rm'
(Font)                  OT1/jkp/m/it --> OT1/ppl/m/it on input line 25.
LaTeX Font Info:    Overwriting math alphabet `\mathit' in version `boldrm'
(Font)                  OT1/jkp/b/it --> OT1/ppl/m/it on input line 25.
LaTeX Font Info:    Overwriting math alphabet `\mathit' in version `sf'
(Font)                  OT1/jkpss/m/it --> OT1/ppl/m/it on input line 25.
LaTeX Font Info:    Overwriting math alphabet `\mathit' in version `boldsf'
(Font)                  OT1/jkpss/b/it --> OT1/ppl/m/it on input line 25.
LaTeX Font Info:    Redeclaring math alphabet \mathtt on input line 25.
LaTeX Font Info:    Overwriting math alphabet `\mathtt' in version `normal'
(Font)                  OT1/jkptt/m/n --> OT1/pcr/m/up on input line 25.
LaTeX Font Info:    Overwriting math alphabet `\mathtt' in version `bold'
(Font)                  OT1/jkptt/b/n --> OT1/pcr/m/up on input line 25.
LaTeX Font Info:    Overwriting math alphabet `\mathtt' in version `rm'
(Font)                  OT1/jkptt/m/n --> OT1/pcr/m/up on input line 25.
LaTeX Font Info:    Overwriting math alphabet `\mathtt' in version `boldrm'
(Font)                  OT1/jkptt/b/n --> OT1/pcr/m/up on input line 25.
LaTeX Font Info:    Overwriting math alphabet `\mathtt' in version `sf'
(Font)                  OT1/jkptt/m/n --> OT1/pcr/m/up on input line 25.
LaTeX Font Info:    Overwriting math alphabet `\mathtt' in version `boldsf'
(Font)                  OT1/jkptt/b/n --> OT1/pcr/m/up on input line 25.
LaTeX Font Info:    Overwriting math alphabet `\mathsf' in version `bold'
(Font)                  OT1/phv/m/up --> OT1/phv/b/up on input line 25.
LaTeX Font Info:    Overwriting math alphabet `\mathit' in version `bold'
(Font)                  OT1/ppl/m/it --> OT1/ppl/b/it on input line 25.

LaTeX Font Warning: Font shape `OT1/ppl/m/up' undefined
(Font)              using `OT1/ppl/m/n' instead on input line 25.

LaTeX Font Info:    Trying to load font information for U+eur on input line 25.
(/usr/local/texlive/2024/texmf-dist/tex/latex/amsfonts/ueur.fd
File: ueur.fd 2013/01/14 v3.01 Euler Roman
) (/usr/local/texlive/2024/texmf-dist/tex/latex/microtype/mt-eur.cfg
File: mt-eur.cfg 2006/07/31 v1.1 microtype config. file: AMS Euler Roman (RS)
)
LaTeX Font Info:    Trying to load font information for U+jkpmiaw on input line 25.
 (/usr/local/texlive/2024/texmf-dist/tex/latex/kpfonts/ujkpmiaw.fd
File: ujkpmiaw.fd 2006/08/15 v1.0
)
LaTeX Font Info:    Trying to load font information for U+msa on input line 25.
 (/usr/local/texlive/2024/texmf-dist/tex/latex/amsfonts/umsa.fd
File: umsa.fd 2013/01/14 v3.01 AMS symbols A
) (/usr/local/texlive/2024/texmf-dist/tex/latex/microtype/mt-msa.cfg
File: mt-msa.cfg 2006/02/04 v1.1 microtype config. file: AMS symbols (a) (RS)
)
LaTeX Font Info:    Trying to load font information for U+msb on input line 25.
 (/usr/local/texlive/2024/texmf-dist/tex/latex/amsfonts/umsb.fd
File: umsb.fd 2013/01/14 v3.01 AMS symbols B
) (/usr/local/texlive/2024/texmf-dist/tex/latex/microtype/mt-msb.cfg
File: mt-msb.cfg 2005/06/01 v1.0 microtype config. file: AMS symbols (b) (RS)
)
LaTeX Font Info:    Trying to load font information for U+jkpsyc on input line 25.
 (/usr/local/texlive/2024/texmf-dist/tex/latex/kpfonts/ujkpsyc.fd
File: ujkpsyc.fd 2006/08/15 v1.0
)
LaTeX Font Info:    Trying to load font information for U+rsfs on input line 25.
 (/usr/local/texlive/2024/texmf-dist/tex/latex/jknapltx/ursfs.fd
File: ursfs.fd 1998/03/24 rsfs font definition file (jk)
)
LaTeX Font Info:    Trying to load font information for U+stmry on input line 25.
 (/usr/local/texlive/2024/texmf-dist/tex/latex/stmaryrd/Ustmry.fd)
LaTeX Font Info:    Trying to load font information for U+euf on input line 25.
 (/usr/local/texlive/2024/texmf-dist/tex/latex/amsfonts/ueuf.fd
File: ueuf.fd 2013/01/14 v3.01 Euler Fraktur
) (/usr/local/texlive/2024/texmf-dist/tex/latex/microtype/mt-euf.cfg
File: mt-euf.cfg 2006/07/03 v1.1 microtype config. file: AMS Euler Fraktur (RS)
)
LaTeX Font Info:    Trying to load font information for U+eus on input line 25.
 (/usr/local/texlive/2024/texmf-dist/tex/latex/amsfonts/ueus.fd
File: ueus.fd 2013/01/14 v3.01 Euler Script
) (/usr/local/texlive/2024/texmf-dist/tex/latex/microtype/mt-eus.cfg
File: mt-eus.cfg 2006/07/28 v1.2 microtype config. file: AMS Euler Script (RS)
)
LaTeX Font Info:    Trying to load font information for U+euex on input line 25.
 (/usr/local/texlive/2024/texmf-dist/tex/latex/amsfonts/ueuex.fd
File: ueuex.fd 2013/01/14 v3.01 Euler extra symbols
)
LaTeX Font Info:    Trying to load font information for T1+jkpk on input line 25.
 (/usr/local/texlive/2024/texmf-dist/tex/latex/kpfonts/t1jkpk.fd
File: t1jkpk.fd 2007/01/24 Fontinst v1.928 font definitions for T1/jkpk.
)
Package microtype Info: Loading generic protrusion settings for font family
(microtype)             `jkpk' (encoding: T1).
(microtype)             For optimal results, create family-specific settings.
(microtype)             See the microtype manual for details.
LaTeX Font Info:    Trying to load font information for TS1+ppl on input line 25.
 (/usr/local/texlive/2024/texmf-dist/tex/latex/psnfss/ts1ppl.fd
File: ts1ppl.fd 2001/06/04 font definitions for TS1/ppl.
)
LaTeX Font Info:    Trying to load font information for T1+pcr on input line 25.
 (/usr/local/texlive/2024/texmf-dist/tex/latex/psnfss/t1pcr.fd
File: t1pcr.fd 2001/06/04 font definitions for T1/pcr.
)
Package microtype Info: Loading generic protrusion settings for font family
(microtype)             `pcr' (encoding: T1).
(microtype)             For optimal results, create family-specific settings.
(microtype)             See the microtype manual for details.

No file statmech-primer.toc.
\tf@toc=\write5
\openout5 = `statmech-primer.toc'.

[1

{/usr/local/texlive/2024/texmf-var/fonts/map/pdftex/updmap/pdftex.map}{/usr/local/texlive/2024/texmf-dist/fonts/enc/dvips/base/8r.enc}{/usr/local/texlive/2024/texmf-dist/fonts/enc/dvips/kpfonts/kpfonts-large-sc.enc}]

Package fancyhdr Warning: \headheight is too small (12.0pt): 
(fancyhdr)                Make it at least 13.59999pt, for example:
(fancyhdr)                \setlength{\headheight}{13.59999pt}.
(fancyhdr)                You might also make \topmargin smaller to compensate:
(fancyhdr)                \addtolength{\topmargin}{-1.59999pt}.

[2]

Package fancyhdr Warning: \headheight is too small (12.0pt): 
(fancyhdr)                Make it at least 13.59999pt, for example:
(fancyhdr)                \setlength{\headheight}{13.59999pt}.
(fancyhdr)                You might also make \topmargin smaller to compensate:
(fancyhdr)                \addtolength{\topmargin}{-1.59999pt}.

[3]
<figures/single-particle.jpg, id=42, 1027.84pt x 578.16pt>
File: figures/single-particle.jpg Graphic file (type jpg)
<use figures/single-particle.jpg>
Package pdftex.def Info: figures/single-particle.jpg  used on input line 97.
(pdftex.def)             Requested size: 173.44534pt x 97.56248pt.
<figures/spacecraft-trajectory.jpg, id=43, 1027.84pt x 578.16pt>
File: figures/spacecraft-trajectory.jpg Graphic file (type jpg)
<use figures/spacecraft-trajectory.jpg>
Package pdftex.def Info: figures/spacecraft-trajectory.jpg  used on input line 106.
(pdftex.def)             Requested size: 173.44534pt x 97.56248pt.
<figures/many-particles.jpg, id=44, 1027.84pt x 578.16pt>
File: figures/many-particles.jpg Graphic file (type jpg)
<use figures/many-particles.jpg>
Package pdftex.def Info: figures/many-particles.jpg  used on input line 113.
(pdftex.def)             Requested size: 173.44534pt x 97.56248pt.
<figures/goodsell-ecoli-cytoplasm.jpg, id=45, 2007.5pt x 1989.4325pt>
File: figures/goodsell-ecoli-cytoplasm.jpg Graphic file (type jpg)
<use figures/goodsell-ecoli-cytoplasm.jpg>
Package pdftex.def Info: figures/goodsell-ecoli-cytoplasm.jpg  used on input line 120.
(pdftex.def)             Requested size: 173.44534pt x 171.87712pt.

Underfull \vbox (badness 10000) has occurred while \output is active []



Package fancyhdr Warning: \headheight is too small (12.0pt): 
(fancyhdr)                Make it at least 13.59999pt, for example:
(fancyhdr)                \setlength{\headheight}{13.59999pt}.
(fancyhdr)                You might also make \topmargin smaller to compensate:
(fancyhdr)                \addtolength{\topmargin}{-1.59999pt}.

[4 <./figures/single-particle.jpg> <./figures/spacecraft-trajectory.jpg> <./figures/many-particles.jpg>]

Package fancyhdr Warning: \headheight is too small (12.0pt): 
(fancyhdr)                Make it at least 13.59999pt, for example:
(fancyhdr)                \setlength{\headheight}{13.59999pt}.
(fancyhdr)                You might also make \topmargin smaller to compensate:
(fancyhdr)                \addtolength{\topmargin}{-1.59999pt}.

[5 <./figures/goodsell-ecoli-cytoplasm.jpg>]
<figures/lennard-jones-potential.jpg, id=58, 1027.84pt x 578.16pt>
File: figures/lennard-jones-potential.jpg Graphic file (type jpg)
<use figures/lennard-jones-potential.jpg>
Package pdftex.def Info: figures/lennard-jones-potential.jpg  used on input line 167.
(pdftex.def)             Requested size: 173.44534pt x 97.56248pt.


Package fancyhdr Warning: \headheight is too small (12.0pt): 
(fancyhdr)                Make it at least 13.59999pt, for example:
(fancyhdr)                \setlength{\headheight}{13.59999pt}.
(fancyhdr)                You might also make \topmargin smaller to compensate:
(fancyhdr)                \addtolength{\topmargin}{-1.59999pt}.

[6 <./figures/lennard-jones-potential.jpg>]
<figures/system-in-isolation.jpg, id=70, 1027.84pt x 578.16pt>
File: figures/system-in-isolation.jpg Graphic file (type jpg)
<use figures/system-in-isolation.jpg>
Package pdftex.def Info: figures/system-in-isolation.jpg  used on input line 186.
(pdftex.def)             Requested size: 173.44534pt x 97.56248pt.
<figures/system-in-contact.jpg, id=71, 1027.84pt x 578.16pt>
File: figures/system-in-contact.jpg Graphic file (type jpg)
<use figures/system-in-contact.jpg>
Package pdftex.def Info: figures/system-in-contact.jpg  used on input line 193.
(pdftex.def)             Requested size: 173.44534pt x 97.56248pt.
File: figures/many-particles.jpg Graphic file (type jpg)
<use figures/many-particles.jpg>
Package pdftex.def Info: figures/many-particles.jpg  used on input line 218.
(pdftex.def)             Requested size: 173.44534pt x 97.56248pt.


Package fancyhdr Warning: \headheight is too small (12.0pt): 
(fancyhdr)                Make it at least 13.59999pt, for example:
(fancyhdr)                \setlength{\headheight}{13.59999pt}.
(fancyhdr)                You might also make \topmargin smaller to compensate:
(fancyhdr)                \addtolength{\topmargin}{-1.59999pt}.

[7 <./figures/system-in-isolation.jpg> <./figures/system-in-contact.jpg>]

LaTeX Warning: Reference `equation:boltzmann-law' on page 8 undefined on input line 235.


LaTeX Warning: Reference `equation:total-energy' on page 8 undefined on input line 245.


Package fancyhdr Warning: \headheight is too small (12.0pt): 
(fancyhdr)                Make it at least 13.59999pt, for example:
(fancyhdr)                \setlength{\headheight}{13.59999pt}.
(fancyhdr)                You might also make \topmargin smaller to compensate:
(fancyhdr)                \addtolength{\topmargin}{-1.59999pt}.

[8]

LaTeX Warning: Reference `equation:boltzmann-law' on page 9 undefined on input line 275.


Underfull \vbox (badness 10000) has occurred while \output is active []



Package fancyhdr Warning: \headheight is too small (12.0pt): 
(fancyhdr)                Make it at least 13.59999pt, for example:
(fancyhdr)                \setlength{\headheight}{13.59999pt}.
(fancyhdr)                You might also make \topmargin smaller to compensate:
(fancyhdr)                \addtolength{\topmargin}{-1.59999pt}.

[9]

LaTeX Warning: Reference `equation:harmonic-oscillator-boltzmann-law' on page 10 undefined on input line 297.

<figures/harmonic-oscillator-trajectory.jpg, id=95, 1027.84pt x 1348.03625pt>
File: figures/harmonic-oscillator-trajectory.jpg Graphic file (type jpg)
<use figures/harmonic-oscillator-trajectory.jpg>
Package pdftex.def Info: figures/harmonic-oscillator-trajectory.jpg  used on input line 307.
(pdftex.def)             Requested size: 173.44534pt x 227.47644pt.

Package fancyhdr Warning: \headheight is too small (12.0pt): 
(fancyhdr)                Make it at least 13.59999pt, for example:
(fancyhdr)                \setlength{\headheight}{13.59999pt}.
(fancyhdr)                You might also make \topmargin smaller to compensate:
(fancyhdr)                \addtolength{\topmargin}{-1.59999pt}.

[10 <./figures/harmonic-oscillator-trajectory.jpg>]

LaTeX Warning: Citation `shirts2008statistically' on page 11 undefined on input line 323.

<figures/npt-system.jpg, id=106, 1027.84pt x 578.16pt>
File: figures/npt-system.jpg Graphic file (type jpg)
<use figures/npt-system.jpg>
Package pdftex.def Info: figures/npt-system.jpg  used on input line 337.
(pdftex.def)             Requested size: 173.44534pt x 97.56248pt.

Underfull \vbox (badness 10000) has occurred while \output is active []



Package fancyhdr Warning: \headheight is too small (12.0pt): 
(fancyhdr)                Make it at least 13.59999pt, for example:
(fancyhdr)                \setlength{\headheight}{13.59999pt}.
(fancyhdr)                You might also make \topmargin smaller to compensate:
(fancyhdr)                \addtolength{\topmargin}{-1.59999pt}.

[11 <./figures/npt-system.jpg>]
<figures/single-optical-trap.jpg, id=117, 1027.84pt x 366.36874pt>
File: figures/single-optical-trap.jpg Graphic file (type jpg)
<use figures/single-optical-trap.jpg>
Package pdftex.def Info: figures/single-optical-trap.jpg  used on input line 378.
(pdftex.def)             Requested size: 390.25536pt x 139.10417pt.

Underfull \vbox (badness 10000) has occurred while \output is active []



Package fancyhdr Warning: \headheight is too small (12.0pt): 
(fancyhdr)                Make it at least 13.59999pt, for example:
(fancyhdr)                \setlength{\headheight}{13.59999pt}.
(fancyhdr)                You might also make \topmargin smaller to compensate:
(fancyhdr)                \addtolength{\topmargin}{-1.59999pt}.

[12]

LaTeX Warning: Citation `shirts2008statistically' on page 13 undefined on input line 392.


LaTeX Warning: Citation `ross2018biomolecular' on page 13 undefined on input line 398.


Package fancyhdr Warning: \headheight is too small (12.0pt): 
(fancyhdr)                Make it at least 13.59999pt, for example:
(fancyhdr)                \setlength{\headheight}{13.59999pt}.
(fancyhdr)                You might also make \topmargin smaller to compensate:
(fancyhdr)                \addtolength{\topmargin}{-1.59999pt}.

[13 <./figures/single-optical-trap.jpg>]
<figures/octanol-water-partitioning.jpg, id=139, 1027.84pt x 313.17pt>
File: figures/octanol-water-partitioning.jpg Graphic file (type jpg)
<use figures/octanol-water-partitioning.jpg>
Package pdftex.def Info: figures/octanol-water-partitioning.jpg  used on input line 437.
(pdftex.def)             Requested size: 390.25536pt x 118.90547pt.
LaTeX Font Info:    Freeze math alphabet allocation in version normal.
(Font)              Allocated math groups: 15 (local: 2) on input line 444.
LaTeX Font Info:    Trying to load font information for OT1+jkp on input line 444.
 (/usr/local/texlive/2024/texmf-dist/tex/latex/kpfonts/ot1jkp.fd
File: ot1jkp.fd 2007/08/30 Fontinst v1.928 font definitions for OT1/jkp.
)
Package microtype Info: Loading generic protrusion settings for font family
(microtype)             `jkp' (encoding: OT1).
(microtype)             For optimal results, create family-specific settings.
(microtype)             See the microtype manual for details.
LaTeX Font Info:    Undo math alphabet allocation in version normal on input line 445.
LaTeX Font Info:    No math alphabet change to frozen version normal on input line 445.
LaTeX Font Info:    No math alphabet change to frozen version normal on input line 445.
LaTeX Font Info:    No math alphabet change to frozen version normal on input line 445.


LaTeX Warning: Citation `bannan2016calculating' on page 14 undefined on input line 446.


Package fancyhdr Warning: \headheight is too small (12.0pt): 
(fancyhdr)                Make it at least 13.59999pt, for example:
(fancyhdr)                \setlength{\headheight}{13.59999pt}.
(fancyhdr)                You might also make \topmargin smaller to compensate:
(fancyhdr)                \addtolength{\topmargin}{-1.59999pt}.

[14 <./figures/octanol-water-partitioning.jpg>]
LaTeX Font Info:    No math alphabet change to frozen version normal on input line 448.
LaTeX Font Info:    No math alphabet change to frozen version normal on input line 448.


LaTeX Warning: Citation `rustenburg2016measuring' on page 15 undefined on input line 448.

LaTeX Font Info:    No math alphabet change to frozen version normal on input line 456.
LaTeX Font Info:    No math alphabet change to frozen version normal on input line 456.
LaTeX Font Info:    No math alphabet change to frozen version normal on input line 456.
LaTeX Font Info:    No math alphabet change to frozen version normal on input line 456.
LaTeX Font Info:    No math alphabet change to frozen version normal on input line 458.
LaTeX Font Info:    No math alphabet change to frozen version normal on input line 458.
LaTeX Font Info:    No math alphabet change to frozen version normal on input line 458.
LaTeX Font Info:    No math alphabet change to frozen version normal on input line 458.
LaTeX Font Info:    No math alphabet change to frozen version normal on input line 459.
LaTeX Font Info:    No math alphabet change to frozen version normal on input line 459.
LaTeX Font Info:    No math alphabet change to frozen version normal on input line 459.
LaTeX Font Info:    No math alphabet change to frozen version normal on input line 461.
LaTeX Font Info:    No math alphabet change to frozen version normal on input line 461.
LaTeX Font Info:    No math alphabet change to frozen version normal on input line 462.
LaTeX Font Info:    No math alphabet change to frozen version normal on input line 462.
LaTeX Font Info:    No math alphabet change to frozen version normal on input line 462.
LaTeX Font Info:    No math alphabet change to frozen version normal on input line 462.
LaTeX Font Info:    No math alphabet change to frozen version normal on input line 464.
LaTeX Font Info:    No math alphabet change to frozen version normal on input line 464.
LaTeX Font Info:    No math alphabet change to frozen version normal on input line 464.
LaTeX Font Info:    No math alphabet change to frozen version normal on input line 464.
LaTeX Font Info:    No math alphabet change to frozen version normal on input line 465.
LaTeX Font Info:    No math alphabet change to frozen version normal on input line 465.
LaTeX Font Info:    No math alphabet change to frozen version normal on input line 467.
LaTeX Font Info:    No math alphabet change to frozen version normal on input line 468.
LaTeX Font Info:    No math alphabet change to frozen version normal on input line 468.
LaTeX Font Info:    No math alphabet change to frozen version normal on input line 468.
LaTeX Font Info:    No math alphabet change to frozen version normal on input line 468.
LaTeX Font Info:    No math alphabet change to frozen version normal on input line 470.
LaTeX Font Info:    No math alphabet change to frozen version normal on input line 470.
LaTeX Font Info:    No math alphabet change to frozen version normal on input line 470.
LaTeX Font Info:    No math alphabet change to frozen version normal on input line 470.
LaTeX Font Info:    No math alphabet change to frozen version normal on input line 471.
LaTeX Font Info:    No math alphabet change to frozen version normal on input line 471.
LaTeX Font Info:    No math alphabet change to frozen version normal on input line 474.
LaTeX Font Info:    No math alphabet change to frozen version normal on input line 474.
LaTeX Font Info:    No math alphabet change to frozen version normal on input line 474.
LaTeX Font Info:    No math alphabet change to frozen version normal on input line 474.
LaTeX Font Info:    No math alphabet change to frozen version normal on input line 476.
LaTeX Font Info:    No math alphabet change to frozen version normal on input line 476.
LaTeX Font Info:    No math alphabet change to frozen version normal on input line 476.
LaTeX Font Info:    No math alphabet change to frozen version normal on input line 476.
LaTeX Font Info:    No math alphabet change to frozen version normal on input line 477.
LaTeX Font Info:    No math alphabet change to frozen version normal on input line 485.
LaTeX Font Info:    No math alphabet change to frozen version normal on input line 485.
LaTeX Font Info:    No math alphabet change to frozen version normal on input line 485.
LaTeX Font Info:    No math alphabet change to frozen version normal on input line 486.
LaTeX Font Info:    No math alphabet change to frozen version normal on input line 486.
LaTeX Font Info:    No math alphabet change to frozen version normal on input line 486.
LaTeX Font Info:    No math alphabet change to frozen version normal on input line 486.
LaTeX Font Info:    No math alphabet change to frozen version normal on input line 488.
LaTeX Font Info:    No math alphabet change to frozen version normal on input line 488.
LaTeX Font Info:    No math alphabet change to frozen version normal on input line 488.
LaTeX Font Info:    No math alphabet change to frozen version normal on input line 488.
LaTeX Font Info:    No math alphabet change to frozen version normal on input line 488.
LaTeX Font Info:    No math alphabet change to frozen version normal on input line 488.
LaTeX Font Info:    No math alphabet change to frozen version normal on input line 489.
LaTeX Font Info:    No math alphabet change to frozen version normal on input line 489.
LaTeX Font Info:    No math alphabet change to frozen version normal on input line 489.
LaTeX Font Info:    Undo math alphabet allocation in version normal on input line 489.
LaTeX Font Info:    No math alphabet change to frozen version normal on input line 489.
LaTeX Font Info:    No math alphabet change to frozen version normal on input line 489.
LaTeX Font Info:    No math alphabet change to frozen version normal on input line 490.
LaTeX Font Info:    No math alphabet change to frozen version normal on input line 490.
LaTeX Font Info:    No math alphabet change to frozen version normal on input line 490.
LaTeX Font Info:    Undo math alphabet allocation in version normal on input line 491.
LaTeX Font Info:    No math alphabet change to frozen version normal on input line 491.
LaTeX Font Info:    No math alphabet change to frozen version normal on input line 492.
LaTeX Font Info:    No math alphabet change to frozen version normal on input line 492.
LaTeX Font Info:    No math alphabet change to frozen version normal on input line 492.

Package fancyhdr Warning: \headheight is too small (12.0pt): 
(fancyhdr)                Make it at least 13.59999pt, for example:
(fancyhdr)                \setlength{\headheight}{13.59999pt}.
(fancyhdr)                You might also make \topmargin smaller to compensate:
(fancyhdr)                \addtolength{\topmargin}{-1.59999pt}.

[15]
LaTeX Font Info:    No math alphabet change to frozen version normal on input line 492.
<figures/simple-ligand-binding.jpg, id=161, 1027.84pt x 376.40625pt>
File: figures/simple-ligand-binding.jpg Graphic file (type jpg)
<use figures/simple-ligand-binding.jpg>
Package pdftex.def Info: figures/simple-ligand-binding.jpg  used on input line 496.
(pdftex.def)             Requested size: 390.25536pt x 142.91524pt.
LaTeX Font Info:    No math alphabet change to frozen version normal on input line 500.
LaTeX Font Info:    No math alphabet change to frozen version normal on input line 501.
LaTeX Font Info:    No math alphabet change to frozen version normal on input line 501.
LaTeX Font Info:    No math alphabet change to frozen version normal on input line 501.
LaTeX Font Info:    No math alphabet change to frozen version normal on input line 501.
LaTeX Font Info:    No math alphabet change to frozen version normal on input line 503.
LaTeX Font Info:    No math alphabet change to frozen version normal on input line 503.
LaTeX Font Info:    No math alphabet change to frozen version normal on input line 503.
LaTeX Font Info:    No math alphabet change to frozen version normal on input line 503.
LaTeX Font Info:    No math alphabet change to frozen version normal on input line 504.
LaTeX Font Info:    No math alphabet change to frozen version normal on input line 505.
LaTeX Font Info:    No math alphabet change to frozen version normal on input line 505.
LaTeX Font Info:    No math alphabet change to frozen version normal on input line 505.
LaTeX Font Info:    No math alphabet change to frozen version normal on input line 505.
LaTeX Font Info:    No math alphabet change to frozen version normal on input line 507.
LaTeX Font Info:    No math alphabet change to frozen version normal on input line 507.
LaTeX Font Info:    No math alphabet change to frozen version normal on input line 507.
LaTeX Font Info:    No math alphabet change to frozen version normal on input line 507.
LaTeX Font Info:    No math alphabet change to frozen version normal on input line 508.
LaTeX Font Info:    No math alphabet change to frozen version normal on input line 508.
LaTeX Font Info:    No math alphabet change to frozen version normal on input line 508.
LaTeX Font Info:    No math alphabet change to frozen version normal on input line 511.
LaTeX Font Info:    No math alphabet change to frozen version normal on input line 512.
LaTeX Font Info:    No math alphabet change to frozen version normal on input line 512.
LaTeX Font Info:    No math alphabet change to frozen version normal on input line 512.
LaTeX Font Info:    No math alphabet change to frozen version normal on input line 512.
LaTeX Font Info:    No math alphabet change to frozen version normal on input line 513.
LaTeX Font Info:    No math alphabet change to frozen version normal on input line 513.
LaTeX Font Info:    Undo math alphabet allocation in version normal on input line 514.
LaTeX Font Info:    Undo math alphabet allocation in version normal on input line 514.
LaTeX Font Info:    No math alphabet change to frozen version normal on input line 514.
LaTeX Font Info:    No math alphabet change to frozen version normal on input line 515.
LaTeX Font Info:    Undo math alphabet allocation in version normal on input line 515.
LaTeX Font Info:    No math alphabet change to frozen version normal on input line 515.
LaTeX Font Info:    Undo math alphabet allocation in version normal on input line 516.

Underfull \vbox (badness 10000) has occurred while \output is active []



Package fancyhdr Warning: \headheight is too small (12.0pt): 
(fancyhdr)                Make it at least 13.59999pt, for example:
(fancyhdr)                \setlength{\headheight}{13.59999pt}.
(fancyhdr)                You might also make \topmargin smaller to compensate:
(fancyhdr)                \addtolength{\topmargin}{-1.59999pt}.

[16 <./figures/simple-ligand-binding.jpg>]
LaTeX Font Info:    No math alphabet change to frozen version normal on input line 516.
LaTeX Font Info:    No math alphabet change to frozen version normal on input line 518.
LaTeX Font Info:    No math alphabet change to frozen version normal on input line 518.
LaTeX Font Info:    No math alphabet change to frozen version normal on input line 518.
LaTeX Font Info:    No math alphabet change to frozen version normal on input line 518.
LaTeX Font Info:    Undo math alphabet allocation in version normal on input line 519.
LaTeX Font Info:    No math alphabet change to frozen version normal on input line 519.
LaTeX Font Info:    Undo math alphabet allocation in version normal on input line 520.
LaTeX Font Info:    No math alphabet change to frozen version normal on input line 520.
LaTeX Font Info:    No math alphabet change to frozen version normal on input line 520.
LaTeX Font Info:    Undo math alphabet allocation in version normal on input line 521.
LaTeX Font Info:    No math alphabet change to frozen version normal on input line 521.
LaTeX Font Info:    No math alphabet change to frozen version normal on input line 521.
LaTeX Font Info:    Undo math alphabet allocation in version normal on input line 523.
LaTeX Font Info:    No math alphabet change to frozen version normal on input line 523.
LaTeX Font Info:    No math alphabet change to frozen version normal on input line 523.
LaTeX Font Info:    No math alphabet change to frozen version normal on input line 523.
LaTeX Font Info:    No math alphabet change to frozen version normal on input line 523.
LaTeX Font Info:    No math alphabet change to frozen version normal on input line 525.
LaTeX Font Info:    No math alphabet change to frozen version normal on input line 525.
LaTeX Font Info:    No math alphabet change to frozen version normal on input line 525.
LaTeX Font Info:    No math alphabet change to frozen version normal on input line 525.
LaTeX Font Info:    No math alphabet change to frozen version normal on input line 526.
LaTeX Font Info:    No math alphabet change to frozen version normal on input line 527.
LaTeX Font Info:    No math alphabet change to frozen version normal on input line 527.
LaTeX Font Info:    No math alphabet change to frozen version normal on input line 527.
LaTeX Font Info:    No math alphabet change to frozen version normal on input line 527.
LaTeX Font Info:    No math alphabet change to frozen version normal on input line 527.
LaTeX Font Info:    Undo math alphabet allocation in version normal on input line 528.
LaTeX Font Info:    No math alphabet change to frozen version normal on input line 528.
LaTeX Font Info:    No math alphabet change to frozen version normal on input line 528.
LaTeX Font Info:    Undo math alphabet allocation in version normal on input line 529.
LaTeX Font Info:    No math alphabet change to frozen version normal on input line 529.
LaTeX Font Info:    No math alphabet change to frozen version normal on input line 529.
LaTeX Font Info:    Undo math alphabet allocation in version normal on input line 530.
LaTeX Font Info:    No math alphabet change to frozen version normal on input line 530.
LaTeX Font Info:    Undo math alphabet allocation in version normal on input line 531.
LaTeX Font Info:    No math alphabet change to frozen version normal on input line 534.
LaTeX Font Info:    No math alphabet change to frozen version normal on input line 534.
LaTeX Font Info:    No math alphabet change to frozen version normal on input line 534.
LaTeX Font Info:    No math alphabet change to frozen version normal on input line 536.
LaTeX Font Info:    No math alphabet change to frozen version normal on input line 536.
LaTeX Font Info:    No math alphabet change to frozen version normal on input line 536.
LaTeX Font Info:    No math alphabet change to frozen version normal on input line 536.
LaTeX Font Info:    No math alphabet change to frozen version normal on input line 537.
LaTeX Font Info:    No math alphabet change to frozen version normal on input line 537.
LaTeX Font Info:    No math alphabet change to frozen version normal on input line 538.
LaTeX Font Info:    No math alphabet change to frozen version normal on input line 538.


LaTeX Warning: Reference `equation:reduced-entropy-relationship' on page 17 undefined on input line 539.

LaTeX Font Info:    No math alphabet change to frozen version normal on input line 540.
LaTeX Font Info:    No math alphabet change to frozen version normal on input line 540.
LaTeX Font Info:    No math alphabet change to frozen version normal on input line 540.
LaTeX Font Info:    No math alphabet change to frozen version normal on input line 540.
LaTeX Font Info:    No math alphabet change to frozen version normal on input line 541.
LaTeX Font Info:    No math alphabet change to frozen version normal on input line 541.
LaTeX Font Info:    Undo math alphabet allocation in version normal on input line 542.
LaTeX Font Info:    No math alphabet change to frozen version normal on input line 542.
LaTeX Font Info:    No math alphabet change to frozen version normal on input line 542.
LaTeX Font Info:    Undo math alphabet allocation in version normal on input line 543.
LaTeX Font Info:    No math alphabet change to frozen version normal on input line 543.

Underfull \vbox (badness 10000) has occurred while \output is active []



Package fancyhdr Warning: \headheight is too small (12.0pt): 
(fancyhdr)                Make it at least 13.59999pt, for example:
(fancyhdr)                \setlength{\headheight}{13.59999pt}.
(fancyhdr)                You might also make \topmargin smaller to compensate:
(fancyhdr)                \addtolength{\topmargin}{-1.59999pt}.

[17]

Package hyperref Warning: Difference (2) between bookmark levels is greater 
(hyperref)                than one, level fixed on input line 560.

LaTeX Font Info:    No math alphabet change to frozen version normal on input line 562.
LaTeX Font Info:    No math alphabet change to frozen version normal on input line 562.
LaTeX Font Info:    No math alphabet change to frozen version normal on input line 562.
LaTeX Font Info:    No math alphabet change to frozen version normal on input line 569.
<figures/universe.jpg, id=178, 1027.84pt x 578.16pt>
File: figures/universe.jpg Graphic file (type jpg)
<use figures/universe.jpg>
Package pdftex.def Info: figures/universe.jpg  used on input line 572.
(pdftex.def)             Requested size: 390.25536pt x 219.51782pt.

Package fancyhdr Warning: \headheight is too small (12.0pt): 
(fancyhdr)                Make it at least 13.59999pt, for example:
(fancyhdr)                \setlength{\headheight}{13.59999pt}.
(fancyhdr)                You might also make \topmargin smaller to compensate:
(fancyhdr)                \addtolength{\topmargin}{-1.59999pt}.

[18 <./figures/universe.jpg>]
<figures/diffusing-1d-particle.jpg, id=190, 1027.84pt x 1447.4075pt>
File: figures/diffusing-1d-particle.jpg Graphic file (type jpg)
<use figures/diffusing-1d-particle.jpg>
Package pdftex.def Info: figures/diffusing-1d-particle.jpg  used on input line 583.
(pdftex.def)             Requested size: 173.44534pt x 244.245pt.
LaTeX Font Info:    No math alphabet change to frozen version normal on input line 595.


LaTeX Warning: Citation `ringe2003glass' on page 19 undefined on input line 596.


LaTeX Warning: Citation `russo2016precision' on page 19 undefined on input line 597.


Underfull \vbox (badness 1147) has occurred while \output is active []



Package fancyhdr Warning: \headheight is too small (12.0pt): 
(fancyhdr)                Make it at least 13.59999pt, for example:
(fancyhdr)                \setlength{\headheight}{13.59999pt}.
(fancyhdr)                You might also make \topmargin smaller to compensate:
(fancyhdr)                \addtolength{\topmargin}{-1.59999pt}.

[19 <./figures/diffusing-1d-particle.jpg>]
<figures/protein-folding-mechanism.jpg, id=198, 1027.84pt x 853.1875pt>
File: figures/protein-folding-mechanism.jpg Graphic file (type jpg)
<use figures/protein-folding-mechanism.jpg>
Package pdftex.def Info: figures/protein-folding-mechanism.jpg  used on input line 609.
(pdftex.def)             Requested size: 173.44534pt x 143.97243pt.
<figures/enzyme-schema.jpg, id=199, 1027.84pt x 237.88875pt>
File: figures/enzyme-schema.jpg Graphic file (type jpg)
<use figures/enzyme-schema.jpg>
Package pdftex.def Info: figures/enzyme-schema.jpg  used on input line 614.
(pdftex.def)             Requested size: 390.25536pt x 90.32242pt.
LaTeX Font Info:    No math alphabet change to frozen version normal on input line 622.
LaTeX Font Info:    No math alphabet change to frozen version normal on input line 626.
LaTeX Font Info:    No math alphabet change to frozen version normal on input line 626.
LaTeX Font Info:    No math alphabet change to frozen version normal on input line 626.
LaTeX Font Info:    No math alphabet change to frozen version normal on input line 626.
LaTeX Font Info:    No math alphabet change to frozen version normal on input line 628.
LaTeX Font Info:    No math alphabet change to frozen version normal on input line 628.
LaTeX Font Info:    No math alphabet change to frozen version normal on input line 628.
LaTeX Font Info:    No math alphabet change to frozen version normal on input line 628.
LaTeX Font Info:    No math alphabet change to frozen version normal on input line 629.
<figures/einstein-crystal.jpg, id=200, 1027.84pt x 403.5075pt>
File: figures/einstein-crystal.jpg Graphic file (type jpg)
<use figures/einstein-crystal.jpg>
Package pdftex.def Info: figures/einstein-crystal.jpg  used on input line 636.
(pdftex.def)             Requested size: 173.44534pt x 68.09048pt.

Underfull \vbox (badness 2469) has occurred while \output is active []



Package fancyhdr Warning: \headheight is too small (12.0pt): 
(fancyhdr)                Make it at least 13.59999pt, for example:
(fancyhdr)                \setlength{\headheight}{13.59999pt}.
(fancyhdr)                You might also make \topmargin smaller to compensate:
(fancyhdr)                \addtolength{\topmargin}{-1.59999pt}.

[20 <./figures/protein-folding-mechanism.jpg> <./figures/enzyme-schema.jpg>]
LaTeX Font Info:    No math alphabet change to frozen version normal on input line 641.
LaTeX Font Info:    No math alphabet change to frozen version normal on input line 641.
LaTeX Font Info:    No math alphabet change to frozen version normal on input line 641.
LaTeX Font Info:    No math alphabet change to frozen version normal on input line 641.
LaTeX Font Info:    No math alphabet change to frozen version normal on input line 642.
LaTeX Font Info:    No math alphabet change to frozen version normal on input line 642.
LaTeX Font Info:    No math alphabet change to frozen version normal on input line 643.
LaTeX Font Info:    No math alphabet change to frozen version normal on input line 643.
LaTeX Font Info:    No math alphabet change to frozen version normal on input line 645.
LaTeX Font Info:    No math alphabet change to frozen version normal on input line 645.
LaTeX Font Info:    No math alphabet change to frozen version normal on input line 645.
LaTeX Font Info:    No math alphabet change to frozen version normal on input line 645.
LaTeX Font Info:    No math alphabet change to frozen version normal on input line 646.
LaTeX Font Info:    No math alphabet change to frozen version normal on input line 646.
LaTeX Font Info:    No math alphabet change to frozen version normal on input line 647.
LaTeX Font Info:    No math alphabet change to frozen version normal on input line 647.
LaTeX Font Info:    No math alphabet change to frozen version normal on input line 647.
LaTeX Font Info:    No math alphabet change to frozen version normal on input line 648.
LaTeX Font Info:    No math alphabet change to frozen version normal on input line 648.
LaTeX Font Info:    No math alphabet change to frozen version normal on input line 648.
LaTeX Font Info:    No math alphabet change to frozen version normal on input line 649.
LaTeX Font Info:    No math alphabet change to frozen version normal on input line 649.
LaTeX Font Info:    No math alphabet change to frozen version normal on input line 649.
LaTeX Font Info:    No math alphabet change to frozen version normal on input line 650.
LaTeX Font Info:    No math alphabet change to frozen version normal on input line 650.
LaTeX Font Info:    No math alphabet change to frozen version normal on input line 650.
LaTeX Font Info:    No math alphabet change to frozen version normal on input line 651.
LaTeX Font Info:    No math alphabet change to frozen version normal on input line 651.
LaTeX Font Info:    No math alphabet change to frozen version normal on input line 651.
LaTeX Font Info:    No math alphabet change to frozen version normal on input line 652.
LaTeX Font Info:    No math alphabet change to frozen version normal on input line 652.
LaTeX Font Info:    No math alphabet change to frozen version normal on input line 652.
LaTeX Font Info:    No math alphabet change to frozen version normal on input line 653.
LaTeX Font Info:    No math alphabet change to frozen version normal on input line 653.
LaTeX Font Info:    No math alphabet change to frozen version normal on input line 653.
LaTeX Font Info:    No math alphabet change to frozen version normal on input line 654.
LaTeX Font Info:    No math alphabet change to frozen version normal on input line 654.
LaTeX Font Info:    No math alphabet change to frozen version normal on input line 654.
LaTeX Font Info:    No math alphabet change to frozen version normal on input line 655.
LaTeX Font Info:    No math alphabet change to frozen version normal on input line 655.
LaTeX Font Info:    No math alphabet change to frozen version normal on input line 656.
LaTeX Font Info:    No math alphabet change to frozen version normal on input line 658.
LaTeX Font Info:    No math alphabet change to frozen version normal on input line 659.
LaTeX Font Info:    No math alphabet change to frozen version normal on input line 659.
LaTeX Font Info:    No math alphabet change to frozen version normal on input line 659.
LaTeX Font Info:    No math alphabet change to frozen version normal on input line 659.


Package fancyhdr Warning: \headheight is too small (12.0pt): 
(fancyhdr)                Make it at least 13.59999pt, for example:
(fancyhdr)                \setlength{\headheight}{13.59999pt}.
(fancyhdr)                You might also make \topmargin smaller to compensate:
(fancyhdr)                \addtolength{\topmargin}{-1.59999pt}.

[21 <./figures/einstein-crystal.jpg>]
LaTeX Font Info:    No math alphabet change to frozen version normal on input line 663.
LaTeX Font Info:    No math alphabet change to frozen version normal on input line 663.
LaTeX Font Info:    No math alphabet change to frozen version normal on input line 663.
LaTeX Font Info:    No math alphabet change to frozen version normal on input line 663.
LaTeX Font Info:    No math alphabet change to frozen version normal on input line 665.
LaTeX Font Info:    No math alphabet change to frozen version normal on input line 665.
LaTeX Font Info:    No math alphabet change to frozen version normal on input line 667.
LaTeX Font Info:    No math alphabet change to frozen version normal on input line 667.
LaTeX Font Info:    No math alphabet change to frozen version normal on input line 667.
LaTeX Font Info:    No math alphabet change to frozen version normal on input line 667.
LaTeX Font Info:    No math alphabet change to frozen version normal on input line 668.
LaTeX Font Info:    No math alphabet change to frozen version normal on input line 668.
LaTeX Font Info:    No math alphabet change to frozen version normal on input line 669.
LaTeX Font Info:    No math alphabet change to frozen version normal on input line 669.
LaTeX Font Info:    No math alphabet change to frozen version normal on input line 669.
LaTeX Font Info:    No math alphabet change to frozen version normal on input line 670.
LaTeX Font Info:    No math alphabet change to frozen version normal on input line 670.
LaTeX Font Info:    No math alphabet change to frozen version normal on input line 671.
LaTeX Font Info:    No math alphabet change to frozen version normal on input line 671.
LaTeX Font Info:    No math alphabet change to frozen version normal on input line 671.
LaTeX Font Info:    No math alphabet change to frozen version normal on input line 671.
LaTeX Font Info:    No math alphabet change to frozen version normal on input line 673.
LaTeX Font Info:    No math alphabet change to frozen version normal on input line 673.
LaTeX Font Info:    No math alphabet change to frozen version normal on input line 673.
LaTeX Font Info:    No math alphabet change to frozen version normal on input line 673.
LaTeX Font Info:    No math alphabet change to frozen version normal on input line 674.
LaTeX Font Info:    No math alphabet change to frozen version normal on input line 674.
LaTeX Font Info:    No math alphabet change to frozen version normal on input line 675.
LaTeX Font Info:    No math alphabet change to frozen version normal on input line 675.
LaTeX Font Info:    No math alphabet change to frozen version normal on input line 685.
LaTeX Font Info:    No math alphabet change to frozen version normal on input line 685.
LaTeX Font Info:    No math alphabet change to frozen version normal on input line 685.
LaTeX Font Info:    No math alphabet change to frozen version normal on input line 685.
LaTeX Font Info:    No math alphabet change to frozen version normal on input line 686.
LaTeX Font Info:    No math alphabet change to frozen version normal on input line 686.
LaTeX Font Info:    No math alphabet change to frozen version normal on input line 687.
LaTeX Font Info:    No math alphabet change to frozen version normal on input line 687.
LaTeX Font Info:    No math alphabet change to frozen version normal on input line 690.
LaTeX Font Info:    No math alphabet change to frozen version normal on input line 690.
LaTeX Font Info:    No math alphabet change to frozen version normal on input line 690.
LaTeX Font Info:    No math alphabet change to frozen version normal on input line 692.
LaTeX Font Info:    No math alphabet change to frozen version normal on input line 692.
LaTeX Font Info:    No math alphabet change to frozen version normal on input line 692.
LaTeX Font Info:    No math alphabet change to frozen version normal on input line 692.
LaTeX Font Info:    No math alphabet change to frozen version normal on input line 694.
LaTeX Font Info:    No math alphabet change to frozen version normal on input line 694.
LaTeX Font Info:    No math alphabet change to frozen version normal on input line 695.
LaTeX Font Info:    No math alphabet change to frozen version normal on input line 695.
LaTeX Font Info:    No math alphabet change to frozen version normal on input line 695.
LaTeX Font Info:    No math alphabet change to frozen version normal on input line 696.
LaTeX Font Info:    No math alphabet change to frozen version normal on input line 696.
LaTeX Font Info:    No math alphabet change to frozen version normal on input line 696.
LaTeX Font Info:    No math alphabet change to frozen version normal on input line 697.

Underfull \vbox (badness 10000) has occurred while \output is active []



Package fancyhdr Warning: \headheight is too small (12.0pt): 
(fancyhdr)                Make it at least 13.59999pt, for example:
(fancyhdr)                \setlength{\headheight}{13.59999pt}.
(fancyhdr)                You might also make \topmargin smaller to compensate:
(fancyhdr)                \addtolength{\topmargin}{-1.59999pt}.

[22]
LaTeX Font Info:    No math alphabet change to frozen version normal on input line 697.
LaTeX Font Info:    No math alphabet change to frozen version normal on input line 701.
LaTeX Font Info:    No math alphabet change to frozen version normal on input line 701.
LaTeX Font Info:    No math alphabet change to frozen version normal on input line 701.
LaTeX Font Info:    No math alphabet change to frozen version normal on input line 701.
LaTeX Font Info:    No math alphabet change to frozen version normal on input line 702.
LaTeX Font Info:    No math alphabet change to frozen version normal on input line 702.
LaTeX Font Info:    No math alphabet change to frozen version normal on input line 703.
LaTeX Font Info:    No math alphabet change to frozen version normal on input line 703.
LaTeX Font Info:    No math alphabet change to frozen version normal on input line 705.
LaTeX Font Info:    No math alphabet change to frozen version normal on input line 705.
LaTeX Font Info:    No math alphabet change to frozen version normal on input line 705.
LaTeX Font Info:    No math alphabet change to frozen version normal on input line 705.
LaTeX Font Info:    No math alphabet change to frozen version normal on input line 706.
LaTeX Font Info:    No math alphabet change to frozen version normal on input line 706.
LaTeX Font Info:    No math alphabet change to frozen version normal on input line 707.
LaTeX Font Info:    No math alphabet change to frozen version normal on input line 707.
LaTeX Font Info:    No math alphabet change to frozen version normal on input line 707.
LaTeX Font Info:    No math alphabet change to frozen version normal on input line 708.
LaTeX Font Info:    No math alphabet change to frozen version normal on input line 708.
LaTeX Font Info:    No math alphabet change to frozen version normal on input line 708.
LaTeX Font Info:    No math alphabet change to frozen version normal on input line 709.
LaTeX Font Info:    No math alphabet change to frozen version normal on input line 709.
LaTeX Font Info:    No math alphabet change to frozen version normal on input line 709.
LaTeX Font Info:    No math alphabet change to frozen version normal on input line 710.
LaTeX Font Info:    No math alphabet change to frozen version normal on input line 710.
LaTeX Font Info:    No math alphabet change to frozen version normal on input line 710.
LaTeX Font Info:    No math alphabet change to frozen version normal on input line 711.
LaTeX Font Info:    No math alphabet change to frozen version normal on input line 711.
LaTeX Font Info:    No math alphabet change to frozen version normal on input line 713.
LaTeX Font Info:    No math alphabet change to frozen version normal on input line 713.
LaTeX Font Info:    No math alphabet change to frozen version normal on input line 713.
LaTeX Font Info:    No math alphabet change to frozen version normal on input line 713.
LaTeX Font Info:    No math alphabet change to frozen version normal on input line 714.
LaTeX Font Info:    No math alphabet change to frozen version normal on input line 714.
LaTeX Font Info:    No math alphabet change to frozen version normal on input line 715.
LaTeX Font Info:    No math alphabet change to frozen version normal on input line 715.
LaTeX Font Info:    No math alphabet change to frozen version normal on input line 715.
LaTeX Font Info:    No math alphabet change to frozen version normal on input line 716.
LaTeX Font Info:    No math alphabet change to frozen version normal on input line 716.
LaTeX Font Info:    No math alphabet change to frozen version normal on input line 716.
LaTeX Font Info:    Undo math alphabet allocation in version normal on input line 717.
LaTeX Font Info:    No math alphabet change to frozen version normal on input line 717.
LaTeX Font Info:    No math alphabet change to frozen version normal on input line 718.
LaTeX Font Info:    No math alphabet change to frozen version normal on input line 718.
LaTeX Font Info:    No math alphabet change to frozen version normal on input line 718.
LaTeX Font Info:    No math alphabet change to frozen version normal on input line 718.
LaTeX Font Info:    No math alphabet change to frozen version normal on input line 718.
LaTeX Font Info:    No math alphabet change to frozen version normal on input line 719.
LaTeX Font Info:    No math alphabet change to frozen version normal on input line 719.
LaTeX Font Info:    No math alphabet change to frozen version normal on input line 719.
LaTeX Font Info:    No math alphabet change to frozen version normal on input line 719.
LaTeX Font Info:    No math alphabet change to frozen version normal on input line 720.
LaTeX Font Info:    No math alphabet change to frozen version normal on input line 720.
LaTeX Font Info:    No math alphabet change to frozen version normal on input line 721.
LaTeX Font Info:    No math alphabet change to frozen version normal on input line 721.
LaTeX Font Info:    No math alphabet change to frozen version normal on input line 721.
LaTeX Font Info:    No math alphabet change to frozen version normal on input line 722.
LaTeX Font Info:    No math alphabet change to frozen version normal on input line 722.
LaTeX Font Info:    No math alphabet change to frozen version normal on input line 724.
LaTeX Font Info:    No math alphabet change to frozen version normal on input line 724.
LaTeX Font Info:    No math alphabet change to frozen version normal on input line 724.
LaTeX Font Info:    No math alphabet change to frozen version normal on input line 724.
LaTeX Font Info:    No math alphabet change to frozen version normal on input line 725.
LaTeX Font Info:    No math alphabet change to frozen version normal on input line 725.
LaTeX Font Info:    No math alphabet change to frozen version normal on input line 726.
LaTeX Font Info:    No math alphabet change to frozen version normal on input line 726.
LaTeX Font Info:    No math alphabet change to frozen version normal on input line 726.
LaTeX Font Info:    Undo math alphabet allocation in version normal on input line 727.

Underfull \vbox (badness 10000) has occurred while \output is active []



Package fancyhdr Warning: \headheight is too small (12.0pt): 
(fancyhdr)                Make it at least 13.59999pt, for example:
(fancyhdr)                \setlength{\headheight}{13.59999pt}.
(fancyhdr)                You might also make \topmargin smaller to compensate:
(fancyhdr)                \addtolength{\topmargin}{-1.59999pt}.

[23]
LaTeX Font Info:    No math alphabet change to frozen version normal on input line 727.
LaTeX Font Info:    No math alphabet change to frozen version normal on input line 731.
LaTeX Font Info:    No math alphabet change to frozen version normal on input line 731.
LaTeX Font Info:    No math alphabet change to frozen version normal on input line 731.
LaTeX Font Info:    No math alphabet change to frozen version normal on input line 731.
LaTeX Font Info:    No math alphabet change to frozen version normal on input line 732.
LaTeX Font Info:    No math alphabet change to frozen version normal on input line 732.
LaTeX Font Info:    No math alphabet change to frozen version normal on input line 733.
LaTeX Font Info:    No math alphabet change to frozen version normal on input line 733.
LaTeX Font Info:    No math alphabet change to frozen version normal on input line 735.
LaTeX Font Info:    No math alphabet change to frozen version normal on input line 735.
LaTeX Font Info:    No math alphabet change to frozen version normal on input line 735.
LaTeX Font Info:    No math alphabet change to frozen version normal on input line 736.
LaTeX Font Info:    No math alphabet change to frozen version normal on input line 736.
LaTeX Font Info:    No math alphabet change to frozen version normal on input line 736.
LaTeX Font Info:    No math alphabet change to frozen version normal on input line 736.
LaTeX Font Info:    No math alphabet change to frozen version normal on input line 737.
LaTeX Font Info:    No math alphabet change to frozen version normal on input line 737.
LaTeX Font Info:    Undo math alphabet allocation in version normal on input line 738.
LaTeX Font Info:    No math alphabet change to frozen version normal on input line 738.
LaTeX Font Info:    No math alphabet change to frozen version normal on input line 739.


LaTeX Warning: Citation `crooks2007measuring' on page 24 undefined on input line 740.

<figures/water-phase-diagram.jpg, id=232, 702.625pt x 593.21625pt>
File: figures/water-phase-diagram.jpg Graphic file (type jpg)
<use figures/water-phase-diagram.jpg>
Package pdftex.def Info: figures/water-phase-diagram.jpg  used on input line 752.
(pdftex.def)             Requested size: 216.81pt x 183.04427pt.

Underfull \vbox (badness 10000) has occurred while \output is active []



Package fancyhdr Warning: \headheight is too small (12.0pt): 
(fancyhdr)                Make it at least 13.59999pt, for example:
(fancyhdr)                \setlength{\headheight}{13.59999pt}.
(fancyhdr)                You might also make \topmargin smaller to compensate:
(fancyhdr)                \addtolength{\topmargin}{-1.59999pt}.

[24]
<figures/two-state-model.jpg, id=241, 1027.84pt x 654.445pt>
File: figures/two-state-model.jpg Graphic file (type jpg)
<use figures/two-state-model.jpg>
Package pdftex.def Info: figures/two-state-model.jpg  used on input line 763.
(pdftex.def)             Requested size: 173.44534pt x 110.43532pt.
LaTeX Font Info:    No math alphabet change to frozen version normal on input line 770.
LaTeX Font Info:    No math alphabet change to frozen version normal on input line 770.
LaTeX Font Info:    No math alphabet change to frozen version normal on input line 770.
LaTeX Font Info:    No math alphabet change to frozen version normal on input line 770.
LaTeX Font Info:    No math alphabet change to frozen version normal on input line 771.
LaTeX Font Info:    No math alphabet change to frozen version normal on input line 771.
LaTeX Font Info:    No math alphabet change to frozen version normal on input line 772.
LaTeX Font Info:    No math alphabet change to frozen version normal on input line 772.
LaTeX Font Info:    No math alphabet change to frozen version normal on input line 772.
LaTeX Font Info:    No math alphabet change to frozen version normal on input line 773.
LaTeX Font Info:    No math alphabet change to frozen version normal on input line 773.
LaTeX Font Info:    No math alphabet change to frozen version normal on input line 774.
LaTeX Font Info:    No math alphabet change to frozen version normal on input line 775.
LaTeX Font Info:    No math alphabet change to frozen version normal on input line 775.
LaTeX Font Info:    No math alphabet change to frozen version normal on input line 775.
LaTeX Font Info:    No math alphabet change to frozen version normal on input line 775.
LaTeX Font Info:    No math alphabet change to frozen version normal on input line 776.
LaTeX Font Info:    No math alphabet change to frozen version normal on input line 776.
LaTeX Font Info:    No math alphabet change to frozen version normal on input line 777.
LaTeX Font Info:    No math alphabet change to frozen version normal on input line 777.
LaTeX Font Info:    No math alphabet change to frozen version normal on input line 777.
LaTeX Font Info:    No math alphabet change to frozen version normal on input line 778.
LaTeX Font Info:    No math alphabet change to frozen version normal on input line 778.


Package fancyhdr Warning: \headheight is too small (12.0pt): 
(fancyhdr)                Make it at least 13.59999pt, for example:
(fancyhdr)                \setlength{\headheight}{13.59999pt}.
(fancyhdr)                You might also make \topmargin smaller to compensate:
(fancyhdr)                \addtolength{\topmargin}{-1.59999pt}.

[25 <./figures/water-phase-diagram.jpg> <./figures/two-state-model.jpg>]
<figures/two-state-probability.jpg, id=250, 1027.84pt x 527.9725pt>
File: figures/two-state-probability.jpg Graphic file (type jpg)
<use figures/two-state-probability.jpg>
Package pdftex.def Info: figures/two-state-probability.jpg  used on input line 782.
(pdftex.def)             Requested size: 173.44534pt x 89.09352pt.
LaTeX Font Info:    No math alphabet change to frozen version normal on input line 786.
LaTeX Font Info:    No math alphabet change to frozen version normal on input line 786.
LaTeX Font Info:    No math alphabet change to frozen version normal on input line 787.
LaTeX Font Info:    No math alphabet change to frozen version normal on input line 790.
LaTeX Font Info:    No math alphabet change to frozen version normal on input line 790.
LaTeX Font Info:    No math alphabet change to frozen version normal on input line 790.
LaTeX Font Info:    No math alphabet change to frozen version normal on input line 790.
LaTeX Font Info:    No math alphabet change to frozen version normal on input line 791.
LaTeX Font Info:    No math alphabet change to frozen version normal on input line 791.
LaTeX Font Info:    No math alphabet change to frozen version normal on input line 792.
LaTeX Font Info:    No math alphabet change to frozen version normal on input line 792.
LaTeX Font Info:    No math alphabet change to frozen version normal on input line 792.
LaTeX Font Info:    No math alphabet change to frozen version normal on input line 793.
LaTeX Font Info:    No math alphabet change to frozen version normal on input line 793.
LaTeX Font Info:    No math alphabet change to frozen version normal on input line 795.
LaTeX Font Info:    No math alphabet change to frozen version normal on input line 795.
LaTeX Font Info:    No math alphabet change to frozen version normal on input line 795.
LaTeX Font Info:    No math alphabet change to frozen version normal on input line 795.
LaTeX Font Info:    No math alphabet change to frozen version normal on input line 797.
LaTeX Font Info:    No math alphabet change to frozen version normal on input line 797.
LaTeX Font Info:    No math alphabet change to frozen version normal on input line 797.
LaTeX Font Info:    No math alphabet change to frozen version normal on input line 797.
LaTeX Font Info:    No math alphabet change to frozen version normal on input line 798.
LaTeX Font Info:    No math alphabet change to frozen version normal on input line 798.
LaTeX Font Info:    No math alphabet change to frozen version normal on input line 798.
<figures/boltzmann-gravestone.JPG, id=251, 871.255pt x 739.76375pt>
File: figures/boltzmann-gravestone.JPG Graphic file (type jpg)
<use figures/boltzmann-gravestone.JPG>
Package pdftex.def Info: figures/boltzmann-gravestone.JPG  used on input line 802.
(pdftex.def)             Requested size: 173.44534pt x 147.26157pt.
LaTeX Font Info:    No math alphabet change to frozen version normal on input line 807.
LaTeX Font Info:    No math alphabet change to frozen version normal on input line 807.
LaTeX Font Info:    No math alphabet change to frozen version normal on input line 807.
LaTeX Font Info:    No math alphabet change to frozen version normal on input line 807.
LaTeX Font Info:    No math alphabet change to frozen version normal on input line 808.
LaTeX Font Info:    No math alphabet change to frozen version normal on input line 808.
LaTeX Font Info:    No math alphabet change to frozen version normal on input line 809.
LaTeX Font Info:    No math alphabet change to frozen version normal on input line 809.
LaTeX Font Info:    No math alphabet change to frozen version normal on input line 810.
LaTeX Font Info:    No math alphabet change to frozen version normal on input line 810.
LaTeX Font Info:    No math alphabet change to frozen version normal on input line 815.
LaTeX Font Info:    No math alphabet change to frozen version normal on input line 816.
LaTeX Font Info:    No math alphabet change to frozen version normal on input line 816.
LaTeX Font Info:    No math alphabet change to frozen version normal on input line 816.
LaTeX Font Info:    No math alphabet change to frozen version normal on input line 816.
LaTeX Font Info:    No math alphabet change to frozen version normal on input line 817.
LaTeX Font Info:    No math alphabet change to frozen version normal on input line 817.
LaTeX Font Info:    No math alphabet change to frozen version normal on input line 818.

Underfull \vbox (badness 7081) has occurred while \output is active []



Package fancyhdr Warning: \headheight is too small (12.0pt): 
(fancyhdr)                Make it at least 13.59999pt, for example:
(fancyhdr)                \setlength{\headheight}{13.59999pt}.
(fancyhdr)                You might also make \topmargin smaller to compensate:
(fancyhdr)                \addtolength{\topmargin}{-1.59999pt}.

[26 <./figures/two-state-probability.jpg> <./figures/boltzmann-gravestone.JPG>]
LaTeX Font Info:    No math alphabet change to frozen version normal on input line 818.
LaTeX Font Info:    No math alphabet change to frozen version normal on input line 819.
LaTeX Font Info:    No math alphabet change to frozen version normal on input line 819.
LaTeX Font Info:    No math alphabet change to frozen version normal on input line 820.
LaTeX Font Info:    No math alphabet change to frozen version normal on input line 820.
LaTeX Font Info:    No math alphabet change to frozen version normal on input line 820.
LaTeX Font Info:    No math alphabet change to frozen version normal on input line 820.
LaTeX Font Info:    No math alphabet change to frozen version normal on input line 821.
LaTeX Font Info:    No math alphabet change to frozen version normal on input line 821.
LaTeX Font Info:    No math alphabet change to frozen version normal on input line 822.
LaTeX Font Info:    No math alphabet change to frozen version normal on input line 822.
<figures/lattice-model-protein.jpg, id=259, 1027.84pt x 760.8425pt>
File: figures/lattice-model-protein.jpg Graphic file (type jpg)
<use figures/lattice-model-protein.jpg>
Package pdftex.def Info: figures/lattice-model-protein.jpg  used on input line 831.
(pdftex.def)             Requested size: 433.62001pt x 320.97963pt.

Underfull \vbox (badness 10000) has occurred while \output is active []



Package fancyhdr Warning: \headheight is too small (12.0pt): 
(fancyhdr)                Make it at least 13.59999pt, for example:
(fancyhdr)                \setlength{\headheight}{13.59999pt}.
(fancyhdr)                You might also make \topmargin smaller to compensate:
(fancyhdr)                \addtolength{\topmargin}{-1.59999pt}.

[27 <./figures/lattice-model-protein.jpg>]
No file statmech-primer.bbl.

Package fancyhdr Warning: \headheight is too small (12.0pt): 
(fancyhdr)                Make it at least 13.59999pt, for example:
(fancyhdr)                \setlength{\headheight}{13.59999pt}.
(fancyhdr)                You might also make \topmargin smaller to compensate:
(fancyhdr)                \addtolength{\topmargin}{-1.59999pt}.

[28] (./statmech-primer.aux

Package mparhack Warning: Marginpars may have changed.
(mparhack)                Rerun to get them right.

)
 ***********
LaTeX2e <2023-11-01> patch level 1
L3 programming layer <2024-02-20>
 ***********


LaTeX Font Warning: Some font shapes were not available, defaults substituted.


LaTeX Warning: There were undefined references.


LaTeX Warning: Label(s) may have changed. Rerun to get cross-references right.


Package rerunfilecheck Warning: File `statmech-primer.out' has changed.
(rerunfilecheck)                Rerun to get outlines right
(rerunfilecheck)                or use package `bookmark'.

Package rerunfilecheck Info: Checksums for `statmech-primer.out':
(rerunfilecheck)             Before: <no file>
(rerunfilecheck)             After:  D6B85789CC12D6BC61E1D6362E710E69;7827.
 ) 
Here is how much of TeX's memory you used:
 33621 strings out of 474116
 635416 string characters out of 5743682
 1944187 words of memory out of 5000000
 54743 multiletter control sequences out of 15000+600000
 669538 words of font info for 441 fonts, out of 8000000 for 9000
 1141 hyphenation exceptions out of 8191
 117i,14n,121p,1807b,595s stack positions out of 10000i,1000n,20000p,200000b,200000s

pdfTeX warning (dest): name{Hfootnote.1} has been referenced but does not exist, replaced by a fixed one

</usr/local/texlive/2024/texmf-dist/fonts/type1/public/amsfonts/euler/euex10.pfb></usr/local/texlive/2024/texmf-dist/fonts/type1/public/amsfonts/euler/euex8.pfb></usr/local/texlive/2024/texmf-dist/fonts/type1/public/amsfonts/euler/eufm10.pfb></usr/local/texlive/2024/texmf-dist/fonts/type1/public/amsfonts/euler/eufm7.pfb></usr/local/texlive/2024/texmf-dist/fonts/type1/public/amsfonts/euler/eurm10.pfb></usr/local/texlive/2024/texmf-dist/fonts/type1/public/amsfonts/euler/eurm7.pfb></usr/local/texlive/2024/texmf-dist/fonts/type1/public/amsfonts/euler/eusm10.pfb></usr/local/texlive/2024/texmf-dist/fonts/type1/public/kpfonts/jkpex.pfb></usr/local/texlive/2024/texmf-dist/fonts/type1/public/kpfonts/jkpkmsc.pfb></usr/local/texlive/2024/texmf-dist/fonts/type1/public/kpfonts/jkpmia.pfb></usr/local/texlive/2024/texmf-dist/fonts/type1/public/kpfonts/jkpmn8a.pfb></usr/local/texlive/2024/texmf-dist/fonts/type1/public/kpfonts/jkpmsc8a.pfb></usr/local/texlive/2024/texmf-dist/fonts/type1/public/kpfonts/jkpsy.pfb></usr/local/texlive/2024/texmf-dist/fonts/type1/urw/courier/ucrr8a.pfb></usr/local/texlive/2024/texmf-dist/fonts/type1/urw/palatino/uplb8a.pfb></usr/local/texlive/2024/texmf-dist/fonts/type1/urw/palatino/uplr8a.pfb></usr/local/texlive/2024/texmf-dist/fonts/type1/urw/palatino/uplri8a.pfb>
Output written on statmech-primer.pdf (28 pages, 3671679 bytes).
PDF statistics:
 372 PDF objects out of 1000 (max. 8388607)
 283 compressed objects within 3 object streams
 123 named destinations out of 1000 (max. 500000)
 105595 words of extra memory for PDF output out of 106986 (max. 10000000)

